Type1,Type2,Name,Total Material eco-costs(euro),Total Processing eco-costs(euro),Total EoL eco-costs(euro),Total LifeCycle eco-costs(euro),eco-costs of human health(euro)(LifeCycle),eco-costs of exo-tocicity(euro )(LifeCycle),eco-costs of resource depletion(euro)(LifeCycle),eco-costs of carbon footprint (euro)(LifeCycle),Carbon footprint(kg CO2 equiv.)(LifeCycle),ReCiPe human health(DALY)(LifeCycle),ReCiPe ecotoxixity(species.year)(LifeCycle),ReCiPe resources (USD2013)(LifeCycle)
agricultural,animal production,"Wool (at farm US, transported to rotterdam)",6.56,,0.116,6.67,0.04,3.80,0.31,2.53,21.79,0.00,0.00,0.476687825
agricultural,plant production,"bio-Cotton, China",2.39,,0.116,2.51,-0.01,0.15,1.95,0.42,3.59,0.00,0.00,0.151578603
agricultural,plant production,"bio-Cotton, USA",2.58,,0.116,2.69,-0.01,0.15,1.78,0.77,6.62,0.00,0.00,0.556148821
agricultural,plant production,"Cotton, China",2.96,,0.116,3.07,0.00,0.27,1.99,0.81,7.02,0.00,0.00,0.587620733
agricultural,plant production,"Cotton, market mix",5.60,,0.116,5.72,0.00,0.26,4.59,0.87,7.47,0.00,0.00,0.650739743
agricultural,plant production,"Cotton, rest of the world",8.02,,0.116,8.14,0.00,0.27,7.05,0.87,7.02,0.00,0.00,0.587620733
agricultural,plant production,"Cotton, USA",3.03,,0.116,3.14,0.00,0.25,1.81,1.08,9.30,0.00,0.00,0.903215803
agricultural,plant production,"Jute fibres, Bangladesh",0.73,,0.116,0.85,0.00,0.01,0.73,0.11,0.96,0.00,0.00,0.032634291
agricultural,plant production,"Jute fibres, Bangladesh, rainfed",0.22,,0.116,0.34,0.00,0.01,0.22,0.11,0.96,0.00,0.00,0.032634291
agricultural,plant production,"Jute fibres, India",0.84,,0.116,0.95,0.00,0.01,0.83,0.11,0.96,0.00,0.00,0.032634291
agricultural,plant production,"Jute fibres, India, rainfed",0.24,,0.116,0.35,0.00,0.01,0.23,0.11,0.96,0.00,0.00,0.032634291
agricultural,plant production,"Jute fibres, market mix",0.35,,0.116,0.46,0.00,0.01,0.34,0.11,0.96,0.00,0.00,0.032634291
agricultural,plant production,"Kenaf fibres, India",0.43,,0.116,0.55,0.00,0.01,0.49,0.04,0.38,0.00,0.00,0.04158674
agricultural,plant production,"Kenaf fibres, Italy",0.33,,0.116,0.44,0.00,0.01,0.39,0.04,0.38,0.00,0.00,0.04158674
agricultural,plant production,Linseed,0.23,,0.116,0.35,0.00,0.01,0.30,0.03,0.28,0.00,0.00,0.123230806
ceramics ,others,Alumina estimate,0.97,,0.116,1.09,0.02,0.18,0.45,0.45,3.84,0.02,0.00,0.269144884
ceramics ,others,Aluminium Nitride,1.21,,0.116,1.33,0.02,0.22,0.53,0.56,4.79,0.03,0.00,0.335286345
ceramics ,others,Boron Carbide,1.53,,0.116,1.65,0.02,0.14,0.12,1.37,11.83,0.00,0.00,1.519793837
ceramics ,others,Germanium,885.62,,0.116,885.73,0.56,5.75,870.50,8.92,76.90,0.00,0.00,82.5720028
ceramics ,others,Glaze (in addition to Porcelain and Stoneware),1.89,,0.116,2.01,1.89,0.00,0.12,0.00,0.00,0.00,0.00,0
ceramics ,others,Porcelain,0.06,,0.116,0.17,0.00,0.01,0.12,0.04,0.34,0.00,0.00,0.051222927
ceramics ,others,PZT Piezo-electric ceramic,63.38,,0.116,63.49,0.20,23.14,14.29,25.87,223.01,0.00,0.00,19.4874141
ceramics ,others,Silicon Carbide estimate,1.44,,0.116,1.55,0.01,0.07,0.84,0.64,5.53,0.00,0.00,0.784378004
ceramics ,others,Silicon estimate,1.69,,0.116,1.81,0.01,0.06,1.15,0.59,5.13,0.00,0.00,0.757891983
ceramics ,others,Silicon Nitride estimate,1.84,,0.116,1.95,0.01,0.11,0.80,1.04,8.96,0.00,0.00,1.21698498
ceramics ,others,Stoneware,0.05,,0.116,0.17,0.00,0.01,0.12,0.04,0.33,0.00,0.00,0.049425755
ceramics ,others,Tungsten Carbide,29.46,,0.116,29.58,0.03,0.19,28.67,0.69,5.93,0.05,0.00,1.97878377
ceramics ,others,Zirconia,1.28,,0.116,1.40,0.01,0.08,0.55,0.76,6.57,0.00,0.00,0.844854336
construction,binders ,Cement (CORUS),0.04,,0.116,0.16,0.00,0.01,0.12,0.03,0.25,0.00,0.00,0.02595563
construction,binders ,Cement (Portland)*,0.14,,0.116,0.25,0.00,0.02,0.12,0.11,0.91,0.00,0.00,0.021109864
construction,binders ,"Gypsum, from exhaust gas desulferization",0.00,,0.116,0.12,0.00,0.00,0.12,0.00,0.01,0.00,0.00,0.001494691
construction,bitumen,Bitumen,0.95,,0.116,1.07,0.01,0.08,0.92,0.06,0.55,0.00,0.00,0.517516994
construction,bricks," Red Clay Brick, for housing and roads, packed",0.04,,0.116,0.16,0.00,0.01,0.12,0.03,0.28,0.00,0.00,0.03791591
construction,bricks,"Concrete blocks, light (439 kg/m3)",0.04,,0.116,0.15,0.00,0.01,0.12,0.03,0.22,0.00,0.00,0.030491394
construction,bricks,Roof tiles,0.05,,0.116,0.16,0.00,0.00,0.12,0.04,0.36,0.00,0.00,0
construction,bricks,"Sand-lime bricks, light (600 kg/m3)",0.02,,0.116,0.13,0.00,0.00,0.12,0.02,0.13,0.00,0.00,0.018234632
construction,paints,Crushed concrete aggregate,0.0028,,0.116,0.12,0.00,0.00,0.12,0.00,0.01,0.00,0.00,0.001057803
construction,insulation,cork slab insulation,0.28,,0.116,0.39,0.00,0.04,0.23,0.13,1.10,0.01,0.00,0.126930791
construction,insulation,glass wool*,0.54,,0.116,0.66,0.01,0.14,0.15,0.35,3.00,0.00,0.00,0.247331701
construction,insulation,stone wool*,0.29,,0.116,0.41,0.00,0.09,0.16,0.15,1.31,0.00,0.00,0.090265768
construction,others,Clinker,0.04,,0.116,0.16,0.00,0.00,0.12,0.04,0.31,0.00,0.00,0.036288613
construction,others,CORUS slags,0.0011,,0.116,0.12,0.00,0.00,0.12,0.00,0.01,0.00,0.00,0.000191323
construction,others,Gravel,0.00,,0.116,0.12,0.00,0.00,0.12,0.00,0.01,0.00,0.00,0.000761437
construction,others,Linoleum,1.2978,,0.116,1.41,0.01,0.06,1.16,0.18,1.56,0.00,0.00,0.685715112
construction,others,Sand,0.00,,0.116,0.12,0.00,0.00,0.12,0.00,0.00,0.00,0.00,0.000224654
construction,paints,"Acrylic varnish transparent , liquid, water based",0.78,,0.116,0.90,0.02,0.06,0.68,0.14,1.21,0.00,0.00,0.230509846
construction,paints,"Acrylic varnish white , liquid, water based",1.82,,0.116,1.94,0.05,0.14,1.49,0.26,2.26,0.00,0.00,0.310901186
construction,paints,"Alkyd paint transparent, liquid, solvent based",1.47,,0.116,1.58,0.04,0.12,1.06,0.36,3.08,0.00,0.00,0.517850997
construction,paints,"Alkyd paint transparent, liquid, water based",0.85,,0.116,0.97,0.03,0.10,0.59,0.25,2.11,0.00,0.00,0.191030147
construction,paints,"Alkyd paint white, liquid, solvent based",2.84,,0.116,2.95,0.07,0.23,2.18,0.47,4.07,0.00,0.00,0.53654075
construction,paints,"Alkyd paint white, liquid, water based",2.41,,0.116,2.53,0.06,0.22,1.86,0.39,3.40,0.00,0.00,0.307766149
construction,paints,"Alkyd paint, solvent based, emissions during painting",1.32,,0.116,1.44,1.32,0.00,0.12,0.00,0.00,0.00,0.00,0
electronics,others,"Electric motor, less than 500 W, estimate",2.43,,0.116,2.55,0.11,0.61,1.25,0.58,5.04,0.00,0.00,0.44629251
electronics,others,"IC die (not packaged), 1 mm2 = 1.8 mg (laptop 850 mg)","3,832.25",,0.116,"3,832.37",108.65,792.83,132.75,"2,798.15","24,121.94",186.87,1.14,1166.235696
electronics,others,IC package (laptop: 21 g),157.51,,0.116,157.63,4.47,32.59,5.57,115.01,991.47,7.68,0.05,47.93504075
electronics,others,Lead battery cars (39 Wh per kg),0.57,,0.116,0.68,0.01,0.08,0.48,0.12,1.03,0.00,0.00,0.142310206
electronics,others,Lithium-ion LiFePO4 battery  (118 Wh per kg),12.12,,0.116,12.24,0.31,2.26,1.69,7.98,68.79,0.53,0.00,3.363282619
electronics,others,Mica (fire proof electric insulation) estimate,0.28,,0.116,0.40,0.01,0.06,0.13,0.20,1.76,0.01,0.00,0.084960728
electronics,others,NiMH battery for laptops (54 Wh per kg),20.62,,0.116,20.73,0.20,1.47,13.89,5.17,44.60,0.35,0.00,2.4066099
electronics,others,PV cell,27.02,,0.116,27.13,1.89,5.37,4.79,15.09,130.06,0.00,0.00,6.33588205
electronics,others,solder Lead Tin/Lead  60/40 (normal),15.14,,0.116,15.26,0.18,2.39,11.43,1.26,10.82,0.00,0.00,1.87321238
electronics,others,"solder leadfree electronic industry (Ag3.9, Cu0.6)",31.06,,0.116,31.18,0.35,3.99,24.77,2.08,17.92,0.00,0.00,3.5273166
electronics,others,solder Tin/Lead 63/37 solder electronic industry,15.80,,0.116,15.91,0.19,2.50,11.92,1.31,11.27,0.00,0.00,1.95722066
fibers,others,Aramid st gr,19.73,,0.116,19.85,0.03,0.45,17.73,1.64,14.10,0.00,0.00,1.806655455
fibers,others,Carbon fibre,2.93,,0.116,3.05,0.03,1.25,0.31,1.46,12.59,0.00,0.00,2.126154816
fibers,others,Glass fibre,0.10,,0.116,0.22,0.00,0.04,0.12,0.06,0.48,0.00,0.00,0.033720956
glass,construction,glass cladding and windows,0.23,,0.116,0.35,0.01,0.05,0.12,0.17,1.43,0.01,0.00,0.070669641
glass,other glass,Borosilicate estimate,0.27,,0.116,0.39,0.00,0.03,0.12,0.24,2.11,0.00,0.00,0.271391752
glass,other glass,Ceramic glass estimate,0.38,,0.116,0.49,0.00,0.04,0.12,0.34,2.90,0.00,0.00,0.372868668
glass,other glass,Recycled borosilicate glass estimate,0.21,,0.116,0.33,0.00,0.02,0.12,0.19,1.64,0.00,0.00,0.2105056
glass,other glass,Recycled silica glass estimate,0.29,,0.116,0.41,0.00,0.03,0.12,0.26,2.24,0.00,0.00,0.28791125
glass,other glass,Silica glass estimate,0.38,,0.116,0.49,0.00,0.04,0.12,0.34,2.89,0.00,0.00,0.371924696
glass,other glass,"Glass bottles, recycled (estimate)",0.09,,0.116,0.21,0.00,0.01,0.12,0.07,0.64,0.00,0.00,0.082623946
glass,other glass,"Glass bottles, virgin*",0.23,,0.116,0.35,0.00,0.04,0.21,0.09,0.79,0.00,0.00,0.066358483
laminates,others,Glare 1-3/2-0.3,3.52,,0.116,3.63,0.07,0.56,1.30,1.70,14.67,0.06,0.00,1.001820625
laminates,others,Glare 3-3/2-0.2,2.72,,0.116,2.83,0.06,0.46,1.05,1.27,10.93,0.05,0.00,0.823003724
laminates,others,Glare 3-6/5-0.4,2.21,,0.116,2.32,0.04,0.42,0.87,0.98,8.45,0.04,0.00,0.589924307
laminates,others,Glare 4-6/5-0.4,7.83,,0.116,7.94,0.15,1.52,2.83,3.44,29.69,0.13,0.00,2.107436076
laminates,others,"Hylite (1 m2, 1.2 mm thickness, 1.8 ton/m3)",3.97,,0.116,4.08,0.00,1.50,1.10,1.48,12.75,0.00,0.00,0.705503335
ferro metals,steels,Steel  USA,0.37,0.230218005,0.07401609,0.67,0.03,0.07,0.17,0.42,3.58,0.01,0.00,0.108811089
ferro metals,steels,Steel (21% sec = market mix average)*,0.37,0.230218005,0.07401609,0.67,0.01,0.09,0.18,0.39,3.33,0.01,0.00,0.127382159
ferro metals,steels,Steel (secondary),0.12,0.230218005,0.07401609,0.42,0.01,0.07,0.11,0.23,1.97,0.02,0.00,0.103653728
ferro metals,steels,"Steel beams, pipes, sheet (from market mix 44% recycled)",0.40,0.230218005,0.07401609,0.70,0.02,0.11,0.16,0.42,3.59,0.02,0.00,0.152310681
ferro metals,cast irons,GG15,0.19,0.230218005,0.07401609,0.49,0.01,0.06,0.14,0.28,2.43,0.01,0.00,0.112004805
ferro metals,cast irons,GG35,0.19,0.230218005,0.07401609,0.49,0.01,0.06,0.14,0.28,2.43,0.01,0.00,0.112004805
ferro metals,cast irons,GGG-NiCr,1.89,0.230218005,0.07401609,2.19,0.03,0.23,0.97,0.96,8.26,0.01,0.00,0.624385063
ferro metals,cast irons,GGG-NiSiCr,1.93,0.230218005,0.07401609,2.24,0.03,0.24,0.99,0.98,8.47,0.01,0.00,0.654646391
ferro metals,cast irons,GGG40,0.19,0.230218005,0.07401609,0.49,0.01,0.06,0.14,0.28,2.43,0.01,0.00,0.112004805
ferro metals,cast irons,GGG60,0.19,0.230218005,0.07401609,0.49,0.01,0.06,0.14,0.28,2.43,0.01,0.00,0.112004805
ferro metals,cast irons,GGG70,0.20,0.230218005,0.07401609,0.50,0.01,0.06,0.14,0.29,2.49,0.01,0.00,0.119520605
ferro metals,cast irons,GGL-NiCuCr,1.52,0.230218005,0.07401609,1.82,0.03,0.20,0.79,0.81,6.97,0.01,0.00,0.50474722
ferro metals,stainless steel ,"Stainless Steel (secondary), average, estimate",0.20,0.230218005,0.07401609,0.50,0.01,0.07,0.12,0.31,2.66,0.01,0.00,0.246407219
ferro metals,stainless steel ,GX12Cr14 (CA15),0.98,0.230218005,0.07401609,1.29,0.05,0.19,0.29,0.76,6.58,0.02,0.00,0.455132617
ferro metals,stainless steel ,GX5CrNi19 10 (CF8),2.06,0.230218005,0.07401609,2.37,0.07,0.30,0.77,1.23,10.60,0.02,0.00,0.823953056
ferro metals,stainless steel ,X10Cr13 (mart 410),1.58,0.230218005,0.07401609,1.88,0.05,0.20,0.32,1.31,11.30,0.02,0.00,0.559559408
ferro metals,stainless steel ,X10CrNiMoNb,3.17,0.230218005,0.07401609,3.48,0.07,0.36,1.60,1.45,12.46,0.02,0.00,1.103525493
ferro metals,stainless steel ,X10CrNiS (303),1.98,0.230218005,0.07401609,2.29,0.06,0.29,0.71,1.22,10.51,0.02,0.00,0.77160712
ferro metals,stainless steel ,X12Cr13 (416),0.93,0.230218005,0.07401609,1.23,0.05,0.18,0.24,0.76,6.58,0.02,0.00,0.427052812
ferro metals,stainless steel ,X12CrNi17 7 (301),0.93,0.230218005,0.07401609,1.23,0.05,0.18,0.24,0.76,6.58,0.02,0.00,0.427052812
ferro metals,stainless steel ,X20Cr13 (420),1.15,0.230218005,0.07401609,1.46,0.05,0.19,0.46,0.76,6.55,0.02,0.00,0.466670811
ferro metals,stainless steel ,X22CrNi17 (431),1.18,0.230218005,0.07401609,1.49,0.05,0.21,0.35,0.87,7.52,0.02,0.00,0.534481427
ferro metals,stainless steel ,X2CrNiMo1712 (316L),2.99,0.230218005,0.07401609,3.30,0.07,0.34,1.58,1.30,11.23,0.02,0.00,0.948418443
ferro metals,stainless steel ,X30Cr13 (~420),0.91,0.230218005,0.07401609,1.22,0.05,0.18,0.24,0.75,6.47,0.02,0.00,0.426721456
ferro metals,stainless steel ,X35CrMo17,1.29,0.230218005,0.07401609,1.59,0.05,0.21,0.53,0.81,6.95,0.02,0.00,0.525796803
ferro metals,stainless steel ,X5CrNi18 (304),2.11,0.230218005,0.07401609,2.41,0.07,0.30,0.77,1.27,10.98,0.02,0.00,0.818429811
ferro metals,stainless steel ,X5CrNiMo18 (316),2.93,0.230218005,0.07401609,3.24,0.07,0.35,1.50,1.32,11.41,0.02,0.00,0.962075863
ferro metals,stainless steel ,X6Cr17 (430),1.00,0.230218005,0.07401609,1.30,0.05,0.19,0.26,0.80,6.91,0.02,0.00,0.479967926
ferro metals,stainless steel ,X6CrNi18 (~304),2.11,0.230218005,0.07401609,2.41,0.07,0.30,0.77,1.27,10.98,0.02,0.00,0.818429811
ferro metals,stainless steel ,X7CrAl13 (405),0.91,0.230218005,0.07401609,1.22,0.05,0.18,0.24,0.75,6.48,0.02,0.00,0.427262143
ferro metals,stainless steel ,X90CrCoMoV17,1.19,0.230218005,0.07401609,1.49,0.05,0.20,0.42,0.81,7.02,0.02,0.00,0.516076155
ferro metals,stainless steel ,X90CrMoV18 (440B),0.95,0.230218005,0.07401609,1.26,0.05,0.19,0.25,0.77,6.60,0.02,0.00,0.440919614
ferro metals,steel automation ,10SPb20 (1.0721),0.44,0.230218005,0.07401609,0.75,0.02,0.09,0.19,0.45,3.87,0.01,0.00,0.134939258
ferro metals,steel automation ,35S20 (1.0726),0.44,0.230218005,0.07401609,0.74,0.02,0.09,0.19,0.45,3.88,0.01,0.00,0.134888335
ferro metals,steel automation ,9S20,0.49,0.230218005,0.07401609,0.80,0.02,0.10,0.22,0.46,3.97,0.01,0.00,0.134224056
ferro metals,steel automation ,9SMnPb (1.0718),0.47,0.230218005,0.07401609,0.78,0.02,0.09,0.19,0.48,4.12,0.01,0.00,0.130806309
ferro metals,steel cast,GS-10Ni6,0.63,0.230218005,0.07401609,0.93,0.02,0.11,0.31,0.49,4.20,0.01,0.00,0.204602346
ferro metals,steel cast,GS-22Mo4,0.56,0.230218005,0.07401609,0.86,0.02,0.10,0.28,0.46,4.00,0.01,0.00,0.169455225
ferro metals,steel cast,GS-25CrMo4,1.54,0.230218005,0.07401609,1.84,0.03,0.20,0.78,0.84,7.24,0.01,0.00,0.459030929
ferro metals,steel cast,GS-45.3,0.54,0.230218005,0.07401609,0.84,0.02,0.09,0.19,0.54,4.63,0.01,0.00,0.144765019
ferro metals,steel cast,GS-70,0.41,0.230218005,0.07401609,0.71,0.01,0.09,0.18,0.43,3.67,0.01,0.00,0.132986111
ferro metals,steel cast,GS-X40CrNiSi 25 12,3.92,0.230218005,0.07401609,4.22,0.12,0.47,1.62,2.01,17.32,0.01,0.00,1.485428063
ferro metals,steel cast,HA,1.37,0.230218005,0.07401609,1.67,0.05,0.17,0.76,0.69,5.94,0.01,0.00,0.477333209
ferro metals,steel cast,HT,7.19,0.230218005,0.07401609,7.49,0.12,0.78,3.42,3.17,27.33,0.01,0.00,2.300837793
ferro metals,steel construction,Fe360,0.64,0.230218005,0.07401609,0.94,0.02,0.10,0.32,0.50,4.30,0.01,0.00,0.131620626
ferro metals,steel construction,Fe470,0.60,0.230218005,0.07401609,0.90,0.02,0.10,0.29,0.49,4.24,0.01,0.00,0.131620626
ferro metals,steel construction,Fe520,0.40,0.230218005,0.07401609,0.71,0.01,0.09,0.18,0.42,3.63,0.01,0.00,0.131620626
ferro metals,steel construction,St13,0.40,0.230218005,0.07401609,0.71,0.01,0.09,0.18,0.42,3.63,0.01,0.00,0.131620626
ferro metals,steel draw,A517a,0.64,0.230218005,0.07401609,0.94,0.02,0.10,0.32,0.50,4.30,0.01,0.00,0.182203976
ferro metals,steel draw,A517b,0.60,0.230218005,0.07401609,0.90,0.02,0.10,0.29,0.49,4.24,0.01,0.00,0.168614572
ferro metals,steel draw,S355J2G1W,0.40,0.230218005,0.07401609,0.71,0.01,0.09,0.18,0.42,3.63,0.01,0.00,0.131620626
ferro metals,steel draw,St14,0.40,0.230218005,0.07401609,0.71,0.01,0.09,0.18,0.42,3.63,0.01,0.00,0.131620626
ferro metals,steel high grade,14NiCr14,1.06,0.230218005,0.07401609,1.36,0.03,0.16,0.49,0.69,5.98,0.01,0.00,0.347735128
ferro metals,steel high grade,15Cr3,0.45,0.230218005,0.07401609,0.76,0.02,0.09,0.19,0.45,3.89,0.01,0.00,0.153772376
ferro metals,steel high grade,18NiCr8,0.84,0.230218005,0.07401609,1.14,0.02,0.14,0.37,0.61,5.29,0.01,0.00,0.290072723
ferro metals,steel high grade,25CrMo4,0.59,0.230218005,0.07401609,0.89,0.02,0.10,0.31,0.46,4.00,0.01,0.00,0.184576578
ferro metals,steel high grade,30CrNiMo8,1.03,0.230218005,0.07401609,1.34,0.03,0.15,0.55,0.62,5.32,0.01,0.00,0.320503098
ferro metals,steel high grade,34Cr4,0.48,0.230218005,0.07401609,0.78,0.02,0.10,0.20,0.46,4.01,0.01,0.00,0.179662237
ferro metals,steel high grade,34CrAl6,0.51,0.230218005,0.07401609,0.81,0.02,0.10,0.21,0.48,4.14,0.01,0.00,0.182854857
ferro metals,steel high grade,35NiCr18,1.21,0.230218005,0.07401609,1.52,0.03,0.17,0.57,0.75,6.47,0.01,0.00,0.390105132
ferro metals,steel high grade,36NiCr6,0.69,0.230218005,0.07401609,0.99,0.02,0.12,0.31,0.54,4.66,0.01,0.00,0.22174684
ferro metals,steel high grade,37MnSi5,0.52,0.230218005,0.07401609,0.83,0.02,0.09,0.20,0.52,4.45,0.01,0.00,0.159801234
ferro metals,steel high grade,42CrMo4,0.48,0.230218005,0.07401609,0.78,0.02,0.10,0.20,0.47,4.05,0.01,0.00,0.165777614
ferro metals,steel high grade,50 CrV4,0.51,0.230218005,0.07401609,0.81,0.02,0.10,0.22,0.47,4.09,0.01,0.00,0.170835851
ferro metals,steel high grade,C15,0.42,0.230218005,0.07401609,0.72,0.02,0.09,0.19,0.43,3.73,0.01,0.00,0.134621395
ferro metals,steel high grade,C35,0.55,0.230218005,0.07401609,0.86,0.02,0.10,0.27,0.47,4.05,0.01,0.00,0.173319254
ferro metals,steel high grade,C45,0.56,0.230218005,0.07401609,0.87,0.02,0.10,0.27,0.48,4.12,0.01,0.00,0.173539274
ferro metals,steel high grade,C55,0.43,0.230218005,0.07401609,0.73,0.02,0.09,0.19,0.44,3.80,0.01,0.00,0.134841415
ferro metals,steel high grade,C60,0.43,0.230218005,0.07401609,0.73,0.02,0.09,0.19,0.44,3.80,0.01,0.00,0.134841415
ferro metals,steel high temperature ,13CrMo4 5 (1.7335),0.70,0.230218005,0.07401609,1.01,0.02,0.11,0.42,0.46,3.96,0.01,0.00,0.197248202
ferro metals,steel high temperature ,21MoV53,0.81,0.230218005,0.07401609,1.11,0.02,0.12,0.49,0.49,4.21,0.01,0.00,0.204743489
ferro metals,steel high temperature ,22Mo4,0.61,0.230218005,0.07401609,0.91,0.02,0.10,0.35,0.45,3.90,0.01,0.00,0.162370138
ferro metals,steel high temperature ,28NiCrMo4,0.72,0.230218005,0.07401609,1.02,0.02,0.11,0.39,0.50,4.29,0.01,0.00,0.208467621
ferro metals,steel low temperature ,15NiMn6 (1.6228),0.65,0.230218005,0.07401609,0.96,0.02,0.11,0.31,0.52,4.49,0.01,0.00,0.204637583
ferro metals,steel low temperature ,A514(A),0.60,0.230218005,0.07401609,0.91,0.02,0.10,0.30,0.49,4.22,0.01,0.00,0.166991555
ferro metals,steel low temperature ,ASt35 (1.0346),0.41,0.230218005,0.07401609,0.72,0.02,0.09,0.19,0.43,3.67,0.01,0.00,0.136220381
ferro metals,steel low temperature ,X12CrNi 18 9,2.89,0.230218005,0.07401609,3.19,0.09,0.37,1.10,1.64,14.13,0.01,0.00,1.119218501
ferro metals,steel low temperature ,X12Ni5 (1.5680),0.65,0.230218005,0.07401609,0.95,0.02,0.11,0.31,0.51,4.43,0.01,0.00,0.204101454
ferro metals,steel low temperature ,X8Ni9,1.90,0.230218005,0.07401609,2.20,0.03,0.24,0.93,1.01,8.67,0.01,0.00,0.576388303
ferro metals,steel spring,38Si6,0.47,0.230218005,0.07401609,0.77,0.02,0.09,0.20,0.47,4.02,0.01,0.00,0.162918622
ferro metals,steel spring,50CrV4,0.56,0.230218005,0.07401609,0.87,0.02,0.10,0.23,0.51,4.43,0.01,0.00,0.179410656
ferro metals,steel spring,55Si7,0.50,0.230218005,0.07401609,0.80,0.02,0.09,0.20,0.49,4.22,0.01,0.00,0.166879303
ferro metals,steel spring,67SiCr5,0.43,0.230218005,0.07401609,0.73,0.02,0.09,0.20,0.42,3.65,0.01,0.00,0.171672508
non ferro metals,aluminiums ,Aluminium  (primary),2.66,0.693137643,-0.140125112,3.21,0.06,0.60,1.01,1.54,13.29,0.08,0.00,0.901962379
non ferro metals,aluminiums ,Aluminium (secondary),0.25,0.693137643,-0.140125112,0.80,0.01,0.13,0.08,0.59,5.09,0.01,0.00,0.492545541
non ferro metals,aluminiums ,Aluminium trade mix (66% prim 33% sec),1.84,0.693137643,-0.140125112,2.39,0.04,0.44,0.70,1.22,10.48,0.06,0.00,0.760350899
non ferro metals,aluminiums ,Al99,1.84,0.693137643,-0.140125112,2.39,0.04,0.44,0.70,1.22,10.48,0.06,0.00,0.760350899
non ferro metals,aluminiums ,AlCuMg1 (2017),2.02,0.693137643,-0.140125112,2.58,0.05,0.49,0.75,1.28,11.06,0.05,0.00,0.765760853
non ferro metals,aluminiums ,AlCuMg2 (2024),2.05,0.693137643,-0.140125112,2.60,0.05,0.49,0.75,1.30,11.24,0.05,0.00,0.758832456
non ferro metals,aluminiums ,AlCuMgPb (2011),2.11,0.693137643,-0.140125112,2.66,0.05,0.50,0.80,1.30,11.21,0.05,0.00,0.762867131
non ferro metals,aluminiums ,AlCuSiMg (2036),1.94,0.693137643,-0.140125112,2.49,0.05,0.47,0.74,1.23,10.62,0.06,0.00,0.76624278
non ferro metals,aluminiums ,AlMg1 (5005),1.88,0.693137643,-0.140125112,2.43,0.04,0.44,0.69,1.26,10.85,0.06,0.00,0.763126941
non ferro metals,aluminiums ,AlMg3 (5754a),1.92,0.693137643,-0.140125112,2.47,0.04,0.43,0.66,1.34,11.59,0.05,0.00,0.756867661
non ferro metals,aluminiums ,AlMg4.5Mn (5182),2.03,0.693137643,-0.140125112,2.58,0.04,0.43,0.67,1.44,12.39,0.06,0.00,0.771928107
non ferro metals,aluminiums ,AlMgSi0.5 (6060),2.26,0.693137643,-0.140125112,2.81,0.05,0.46,0.74,1.56,13.47,0.06,0.00,0.911270893
non ferro metals,aluminiums ,AlMgSi0.7 (6005),1.87,0.693137643,-0.140125112,2.42,0.04,0.44,0.69,1.25,10.77,0.06,0.00,0.774791466
non ferro metals,aluminiums ,AlMn1 (3003),1.91,0.693137643,-0.140125112,2.47,0.04,0.44,0.69,1.29,11.14,0.06,0.00,0.758063444
non ferro metals,aluminiums ,AlMn1.2Mg1 (3004),1.96,0.693137643,-0.140125112,2.52,0.04,0.44,0.69,1.35,11.64,0.06,0.00,0.760381989
non ferro metals,aluminiums ,AlSiMgMn (6009),1.91,0.693137643,-0.140125112,2.46,0.04,0.44,0.70,1.29,11.08,0.06,0.00,0.78117644
non ferro metals,aluminiums ,AlZnCuMg (7075),2.09,0.693137643,-0.140125112,2.64,0.05,0.45,0.74,1.41,12.11,0.05,0.00,0.749453629
non ferro metals,aluminiums ,G-AlCu4TiMg (204),1.97,0.693137643,-0.140125112,2.52,0.05,0.50,0.76,1.21,10.40,0.06,0.00,0.758789242
non ferro metals,aluminiums ,G-AlMg3 (242),1.97,0.693137643,-0.140125112,2.52,0.04,0.43,0.68,1.36,11.73,0.06,0.00,0.775215502
non ferro metals,aluminiums ,G-AlMg5 (314),2.11,0.693137643,-0.140125112,2.66,0.05,0.47,0.71,1.43,12.33,0.05,0.00,0.777369131
non ferro metals,aluminiums ,G-AlSi12 (230),2.04,0.693137643,-0.140125112,2.59,0.04,0.43,0.75,1.37,11.80,0.05,0.00,0.975950551
non ferro metals,aluminiums ,G-AlSi12Cu (231),2.06,0.693137643,-0.140125112,2.61,0.04,0.43,0.75,1.38,11.92,0.05,0.00,0.974926701
non ferro metals,aluminiums ,G-AlSi7Mg (Thixo),1.96,0.693137643,-0.140125112,2.51,0.04,0.43,0.72,1.32,11.35,0.05,0.00,0.887410853
non ferro metals,aluminiums ,G-AlSi8Cu3 (380),2.06,0.693137643,-0.140125112,2.61,0.05,0.46,0.78,1.32,11.41,0.05,0.00,0.895298106
non ferro metals,coppers,Copper (primary),7.63,0.461677824,-0.516917319,7.57,0.46,2.81,3.58,0.72,6.21,0.02,0.00,0.669688094
non ferro metals,coppers,Copper (secondary),0.30,0.461677824,-0.516917319,0.24,-0.03,-0.12,-0.17,0.56,4.85,0.02,0.00,0.450667449
non ferro metals,coppers,"Copper wire, plate, pipe, trade mix ( 56% prim 44% sec)",4.40,0.461677824,-0.516917319,4.35,0.25,1.52,1.93,0.65,5.61,0.02,0.00,0.573319014
non ferro metals,coppers,Cu-E,4.40,0.461677824,-0.516917319,4.35,0.25,1.52,1.93,0.65,5.61,0.02,0.00,0.573319014
non ferro metals,coppers,CuAg-E,4.61,0.461677824,-0.516917319,4.56,0.25,1.53,2.12,0.66,5.66,0.02,0.00,0.590394404
non ferro metals,coppers,CuAl5,4.39,0.461677824,-0.516917319,4.34,0.23,1.44,1.90,0.77,6.64,0.02,0.00,0.613856214
non ferro metals,coppers,CuNi10Fe,5.59,0.461677824,-0.516917319,5.54,0.23,1.49,2.51,1.31,11.32,0.02,0.00,1.014817304
non ferro metals,coppers,CuNi18Zn,6.09,0.461677824,-0.516917319,6.04,0.17,1.22,2.89,1.75,15.11,0.02,0.00,1.329099564
non ferro metals,coppers,CuNi44Mn,9.82,0.461677824,-0.516917319,9.76,0.18,1.51,4.63,3.44,29.67,0.02,0.00,2.539455874
non ferro metals,coppers,CuSn6.7P,5.70,0.461677824,-0.516917319,5.65,0.25,1.66,2.99,0.76,6.53,0.02,0.00,0.745935564
non ferro metals,coppers,CuSn8,5.96,0.461677824,-0.516917319,5.91,0.25,1.69,3.19,0.78,6.71,0.02,0.00,0.779918874
non ferro metals,coppers,CuZn15,4.02,0.461677824,-0.516917319,3.96,0.21,1.29,1.81,0.65,5.56,0.02,0.00,0.535968424
non ferro metals,coppers,CuZn30,3.63,0.461677824,-0.516917319,3.58,0.17,1.07,1.70,0.64,5.52,0.02,0.00,0.498617844
non ferro metals,coppers,CuZn37,3.45,0.461677824,-0.516917319,3.40,0.16,0.96,1.64,0.64,5.50,0.02,0.00,0.481187574
non ferro metals,coppers,CuZn40,3.37,0.461677824,-0.516917319,3.32,0.15,0.92,1.62,0.64,5.49,0.02,0.00,0.473717454
non ferro metals,coppers,CuZn40Pb,3.32,0.461677824,-0.516917319,3.27,0.14,0.89,1.60,0.63,5.46,0.02,0.00,0.468927094
non ferro metals,coppers,G-CuAl10Fe,4.04,0.461677824,-0.516917319,3.99,0.21,1.34,1.73,0.70,6.05,0.02,0.00,0.572590244
non ferro metals,coppers,G-CuAl10Ni,4.65,0.461677824,-0.516917319,4.60,0.20,1.32,2.04,1.04,8.96,0.02,0.00,0.813477934
non ferro metals,coppers,G-CuNi10,5.63,0.461677824,-0.516917319,5.57,0.23,1.48,2.50,1.37,11.81,0.02,0.00,1.018163874
non ferro metals,coppers,G-CuSn10,6.35,0.461677824,-0.516917319,6.30,0.25,1.73,3.51,0.81,6.98,0.02,0.00,0.831568834
non ferro metals,coppers,G-CuSn12,6.74,0.461677824,-0.516917319,6.69,0.25,1.77,3.82,0.84,7.26,0.02,0.00,0.883218794
non ferro metals,coppers,G-CuSn5Zn5Pb5,5.13,0.461677824,-0.516917319,5.07,0.22,1.48,2.65,0.72,6.23,0.02,0.00,0.679104744
non ferro metals,coppers,G-CuZn15,4.02,0.461677824,-0.516917319,3.96,0.21,1.29,1.81,0.65,5.56,0.02,0.00,0.535968424
non ferro metals,coppers,G-CuZn37Pb,3.40,0.461677824,-0.516917319,3.35,0.15,0.93,1.62,0.64,5.51,0.02,0.00,0.478410644
non ferro metals,coppers,G-CuZn40,3.37,0.461677824,-0.516917319,3.32,0.15,0.92,1.62,0.64,5.49,0.02,0.00,0.473717454
non ferro metals,mafnesiums,AM100A,5.12,0.461677824,0.116,5.69,0.05,0.39,0.28,4.97,42.87,0.02,0.00,0.939009333
non ferro metals,mafnesiums,AM503,5.50,0.461677824,0.116,6.08,0.05,0.38,0.22,5.43,46.79,0.02,0.00,0.961199889
non ferro metals,mafnesiums,G-MgAl6Zn3,5.14,0.461677824,0.116,5.72,0.05,0.38,0.29,5.00,43.07,0.02,0.00,0.931376597
non ferro metals,mafnesiums,G-MgAl8Zn1,5.17,0.461677824,0.116,5.75,0.05,0.38,0.27,5.04,43.45,0.02,0.00,0.941147979
non ferro metals,mafnesiums,G-MgAl9Zn2,5.08,0.461677824,0.116,5.66,0.05,0.38,0.30,4.92,42.41,0.02,0.00,0.92929411
non ferro metals,mafnesiums,GD-MgAl9Zn1,5.13,0.461677824,0.116,5.70,0.05,0.38,0.28,4.98,42.95,0.02,0.00,0.937261519
non ferro metals,mafnesiums,MgAl3Zn,5.32,0.461677824,0.116,5.90,0.05,0.38,0.25,5.22,45.00,0.02,0.00,0.951689639
non ferro metals,mafnesiums,MgAl6Zn,5.20,0.461677824,0.116,5.78,0.05,0.38,0.27,5.07,43.73,0.02,0.00,0.942226666
non ferro metals,mafnesiums,MgMn1.5,5.51,0.461677824,0.116,6.09,0.05,0.38,0.22,5.44,46.87,0.02,0.00,0.959680839
non ferro metals,mafnesiums,MgZn6Zr,5.26,0.461677824,0.116,5.84,0.05,0.37,0.28,5.12,44.18,0.02,0.00,0.932925109
non ferro metals,nickels,Nickel (primary),23.65,0.461677824,-2.353054265,21.76,0.19,2.25,10.75,8.56,73.82,0.02,0.00,6.348068861
non ferro metals,nickels,Nickel (secondary),0.30,0.461677824,-2.353054265,-1.59,-0.01,-0.12,-1.10,-0.36,-3.12,0.02,0.00,-0.220650324
non ferro metals,nickels,Nickel trade mix (70% prim 30% sec),16.64,0.461677824,-2.353054265,14.75,0.13,1.54,7.20,5.89,50.74,0.02,0.00,4.377453051
non ferro metals,nickels,Duranik,15.86,0.461677824,-2.353054265,13.97,0.13,1.46,6.81,5.57,48.05,0.02,0.00,4.142764101
non ferro metals,nickels,Invar,7.28,0.461677824,-2.353054265,5.38,0.06,0.67,2.35,2.30,19.79,0.04,0.00,1.575855211
non ferro metals,nickels,Mumetal,13.25,0.461677824,-2.353054265,11.36,0.12,1.25,5.48,4.51,38.85,0.02,0.00,3.343627861
non ferro metals,nickels,Ni 99.6,16.64,0.461677824,-2.353054265,14.75,0.13,1.54,7.20,5.89,50.74,0.02,0.00,4.377453051
non ferro metals,nickels,Ni span C902,7.78,0.461677824,-2.353054265,5.89,0.08,0.63,2.72,2.46,21.18,0.02,0.00,1.791298821
non ferro metals,nickels,NiCr 80 20,14.33,0.461677824,-2.353054265,12.44,0.17,1.35,5.72,5.19,44.77,0.02,0.00,4.001461641
non ferro metals,nickels,NiCr20Co18Ti,18.47,0.461677824,-2.353054265,16.58,0.16,1.14,11.23,4.04,34.84,0.02,0.00,3.413126281
non ferro metals,nickels,NiCr20TiAl,14.03,0.461677824,-2.353054265,12.13,0.17,1.30,5.65,5.01,43.19,0.02,0.00,3.872514191
non ferro metals,nickels,NiCu30Al,13.24,0.461677824,-2.353054265,11.35,0.18,1.51,5.67,3.99,34.41,0.02,0.00,3.020879901
non ferro metals,nickels,NiCu30Fe,12.46,0.461677824,-2.353054265,10.57,0.17,1.50,5.08,3.82,32.93,0.02,0.00,2.871160471
non ferro metals,nickels,NiFe 50 50,8.51,0.461677824,-2.353054265,6.61,0.06,0.71,3.08,2.75,23.72,0.02,0.00,1.964322191
non ferro metals,nickels,NiMo30,25.98,0.461677824,-2.353054265,24.08,0.20,1.61,18.21,4.06,35.01,0.02,0.00,4.996058971
non ferro metals,nickels,Supermalloy,14.99,0.461677824,-2.353054265,13.10,0.12,1.23,7.40,4.36,37.56,0.02,0.00,3.551267301
non ferro metals,titaniums,Titanium (primary),17.34,0.461677824,-1.794861177,16.01,0.24,0.69,11.87,3.20,27.62,0.02,0.00,2.910303953
non ferro metals,titaniums,Titanium (secondary),0.95,0.461677824,-1.794861177,-0.39,0.01,0.25,-1.36,0.72,6.19,0.07,0.00,0.149645696
non ferro metals,titaniums,"Titanium trade mix (77% prim, 23% sec)",13.58,0.461677824,-1.794861177,12.25,0.19,0.59,8.84,2.63,22.69,0.03,0.00,2.275352563
non ferro metals,titaniums,TiAl5Sn2,13.26,0.461677824,-1.794861177,11.93,0.18,0.66,8.56,2.53,21.81,0.03,0.00,2.194625903
non ferro metals,titaniums,TiAl6V4,13.55,0.461677824,-1.794861177,12.22,0.18,0.70,8.69,2.65,22.81,0.03,0.00,2.328203833
non ferro metals,titaniums,TiV15SnCrAl3,15.79,0.461677824,-1.794861177,14.45,0.21,1.14,10.09,3.01,25.96,0.03,0.00,2.880119743
non ferro metals,zincs,Zinc (primary)*,2.35,0.461677824,-0.158844833,2.65,0.05,0.27,1.66,0.66,5.72,0.02,0.00,0.352216354
non ferro metals,zincs,Zinc (secondary),0.12,0.461677824,-0.158844833,0.42,0.01,0.09,-0.04,0.37,3.18,0.02,0.00,0.269216394
non ferro metals,zincs,Zinc trade mix (77% prim 23% sec)*,1.84,0.461677824,-0.158844833,2.14,0.04,0.23,1.27,0.60,5.14,0.02,0.00,0.333126363
non ferro metals,zincs,G-ZnAlCu,1.47,0.461677824,-0.158844833,1.77,0.04,0.24,0.94,0.56,4.79,0.02,0.00,0.318011067
non ferro metals,zincs,Zamak3,1.41,0.461677824,-0.158844833,1.71,0.03,0.21,0.92,0.56,4.79,0.02,0.00,0.312581533
non ferro metals,zincs,Zamak5,1.43,0.461677824,-0.158844833,1.73,0.03,0.22,0.93,0.56,4.79,0.02,0.00,0.314400516
non ferro metals,zincs,Zinc (super plastic),1.43,0.461677824,-0.158844833,1.74,0.03,0.23,0.84,0.63,5.46,0.02,0.00,0.359185095
non ferro metals,zincs,ZnCuTi,1.51,0.461677824,-0.158844833,1.82,0.03,0.21,1.01,0.55,4.78,0.02,0.00,0.320690593
non ferro metals,Gold,Gold (primary),"28,311.48",0.461677824,-1989.925396,"26,322.02",540.85,"1,774.84","22,071.33","1,935.00","16,680.99",0.38,0.00,2905.733694
non ferro metals,Gold,Gold (secondary),84.19,0.461677824,-1989.925396,"-1,905.27",-38.44,-115.77,"-1,670.77",-80.29,-692.16,4.40,0.03,-192.6335531
non ferro metals,Gold,Gold trade mix (47% prim 53% sec),"13,351.02",0.461677824,-1989.925396,"11,361.55",233.83,772.82,"9,488.01",866.89,"7,473.22",2.51,0.02,1263.599034
non ferro metals,Lead,Lead (primary)*,1.99,0.461677824,0.027869289,2.48,0.03,0.41,1.51,0.53,4.57,0.02,0.00,0.370424633
non ferro metals,Lead,Lead (secondary),0.11,0.461677824,0.027869289,0.60,0.01,0.10,0.09,0.40,3.45,0.02,0.00,0.276758432
non ferro metals,Lead,Lead trade mix ( 25% prim 75% sec)*,0.58,0.461677824,0.027869289,1.07,0.02,0.18,0.44,0.43,3.73,0.02,0.00,0.30017498
non ferro metals,Magnesium,"Magnesium, CRM (primary)",8.86,0.461677824,-0.579013018,8.75,0.06,0.33,0.23,8.12,69.99,0.02,0.00,1.101092068
non ferro metals,Magnesium,"Magnesium, CRM (secondary)",0.94,0.461677824,-0.579013018,0.82,0.04,0.47,0.12,0.19,1.61,0.02,0.00,0.712656725
non ferro metals,Magnesium,"Magnesium, CRM, trade mix (57% prim 43% sec)",5.46,0.461677824,-0.579013018,5.34,0.05,0.39,0.19,4.71,40.59,0.02,0.00,0.934064868
non ferro metals,Palladium,"Palladium, CRM (primary)","89,180.84",0.461677824,0.116,"89,181.41","5,271.31","74,695.75","8,131.10","1,083.25","9,338.36",1.58,0.00,2060.605391
non ferro metals,Palladium,"Palladium, CRM (secondary)",36.61,0.461677824,0.116,37.19,1.05,7.68,1.42,27.05,233.15,1.80,0.01,11.32165609
non ferro metals,Palladium,"Palladium, CRM, trade mix (97% prim 3% sec)","86,506.51",0.461677824,0.116,"86,507.09","5,113.20","72,455.11","7,887.21","1,051.56","9,065.21",1.58,0.00,1999.126861
non ferro metals,Palladium,"Platinum, CRM (primary)","128,734.98",0.461677824,0.116,"128,735.56","7,844.02","111,148.70","8,131.10","1,611.74","13,894.32",2.34,0.00,3625.983591
non ferro metals,Palladium,"Platinum, CRM (secondary)",129.27,0.461677824,0.116,129.85,3.67,26.85,4.63,94.70,816.41,6.32,0.04,39.52068363
non ferro metals,Palladium,"Platinum, CRM, trade mix (95% prim 5% sec)","122,304.70",0.461677824,0.116,"122,305.28","7,452.00","105,592.61","7,724.78","1,535.89","13,240.43",2.54,0.00,3446.660491
non ferro metals,Rhodium,"Rhodium, CRM (primary)","272,354.08",0.461677824,0.116,"272,354.65","17,184.65","243,508.96","8,131.10","3,529.94","30,430.55",5.11,0.01,4965.614091
non ferro metals,Rhodium,"Rhodium, CRM (secondary)",365.00,0.461677824,0.116,365.58,10.36,75.61,12.78,266.82,"2,300.19",17.81,0.11,111.2579519
non ferro metals,Rhodium,"Rhodium, CRM, trade mix (85% prim 15% sec)","231,555.72",0.461677824,0.116,"231,556.29","14,608.51","206,993.96","6,913.35","3,040.48","26,211.00",7.01,0.02,4237.460691
non ferro metals,Silver,Silver (primary),615.87,0.461677824,-31.23401163,585.10,5.40,26.51,539.21,13.99,120.59,0.02,0.00,47.01825482
non ferro metals,Silver,Silver (secondary),1.51,0.461677824,-31.23401163,-29.26,-0.24,-0.99,-28.78,0.74,6.40,0.09,0.00,-1.851974961
non ferro metals,Silver,Silver trade mix (34% prim 66% sec),210.39,0.461677824,-31.23401163,179.62,1.68,8.36,164.33,5.25,45.23,0.07,0.00,14.76390342
non ferro metals,Rare Earth,Cerium,102.16,0.461677824,0.116,102.74,0.19,1.99,97.33,3.23,27.85,0.02,0.00,3.179330464
non ferro metals,Rare Earth,Dysprosium,"1,104.60",0.461677824,0.116,"1,105.18",0.86,8.80,"1,081.74",13.78,118.82,0.02,0.00,14.02971504
non ferro metals,Rare Earth,Erbium,180.40,0.461677824,0.116,180.98,0.70,7.20,161.78,11.30,97.42,0.02,0.00,11.47668341
non ferro metals,Rare Earth,Eutropium,"2,284.99",0.461677824,0.116,"2,285.57",5.64,57.60,"2,132.91",89.42,770.88,0.02,0.00,91.80262627
non ferro metals,Rare Earth,Gadolinium,56.49,0.461677824,0.116,57.07,0.67,6.90,38.66,10.84,93.45,0.02,0.00,11.00389966
non ferro metals,Rare Earth,Lanthanum,102.04,0.461677824,0.116,102.61,0.17,1.71,97.93,2.81,24.18,0.02,0.00,2.742005599
non ferro metals,Rare Earth,"Mischmetal: Cerium 67%, lanthanum 20%, Neodimium 11%, rest 2%",111.81,0.461677824,0.116,112.39,0.20,2.03,106.87,3.29,28.36,0.02,0.00,3.240792331
non ferro metals,Rare Earth,Neodymium oxide,189.98,0.461677824,0.116,190.56,0.26,2.67,183.34,4.29,36.97,0.02,0.00,4.26673288
non ferro metals,Rare Earth,Praseodymium,102.78,0.461677824,0.116,103.36,0.28,2.91,95.51,4.66,40.14,0.02,0.00,4.644959777
non ferro metals,Rare Earth,Samarium,124.49,0.461677824,0.116,125.06,0.85,8.72,101.82,13.67,117.83,0.02,0.00,13.9115191
non ferro metals,Rare Earth,Scandium,"2,994.46",0.461677824,0.116,"2,995.03",0.07,0.75,"2,992.92",1.30,11.23,0.02,0.00,1.196712219
non ferro metals,Rare Earth,Terbium,"1,673.60",0.461677824,0.116,"1,674.18",4.24,43.28,"1,559.42",67.24,579.62,0.02,0.00,68.99081452
non ferro metals,Rare Earth,Ytterbium,104.95,0.461677824,0.116,105.52,1.79,18.29,56.95,28.50,245.66,0.02,0.00,29.15879191
non ferro metals,Rare Earth,Yttrium,139.53,0.461677824,0.116,140.11,0.22,2.31,133.85,3.72,32.11,0.02,0.00,3.687572891
non ferro metals,others,Vanadium,30.24,0.461677824,0.116,30.82,0.36,3.66,20.97,5.83,50.29,0.02,0.00,6.772295329
non ferro metals,others,"Neonybium magnet (NdFeB, NEO)",71.14,0.461677824,0.116,71.72,0.11,1.09,68.54,1.98,17.07,0.02,0.00,1.769568579
non ferro metals,others,"Neonybium magnet (NdFeB, NEO) corrosion resistant",81.43,0.461677824,0.116,82.01,0.12,1.17,78.63,2.10,18.12,0.02,0.00,1.894963334
non ferro metals,others,Vicalloy (magnet steel),26.20,0.461677824,0.116,26.78,0.09,0.91,24.32,1.46,12.59,0.02,0.00,2.058864689
non ferro metals,others,"Antimony, CRM (virgin)",11.21,0.461677824,0.116,11.79,0.13,1.29,8.22,2.15,18.58,0.02,0.00,2.204026059
non ferro metals,others,Cadmium,17.92,0.461677824,0.116,18.50,0.05,0.30,17.45,0.70,6.02,0.02,0.00,0.400302849
non ferro metals,others,"Chromium, CRM (virgin)",5.08,0.461677824,0.116,5.66,0.37,0.83,1.10,3.36,28.98,0.02,0.00,3.187211579
non ferro metals,others,"Cobalt, CRM (virgin)",44.23,0.461677824,0.116,44.81,0.10,0.94,42.55,1.21,10.44,0.02,0.00,2.470505689
non ferro metals,others,"Gallium, CRM (virgin)",146.27,0.461677824,0.116,146.85,3.27,6.04,115.64,21.90,188.80,0.02,0.00,42.59429348
non ferro metals,others,"Indium, CRM (virgin)",666.13,0.461677824,0.116,666.71,5.87,16.82,626.40,17.62,151.92,0.02,0.00,39.96644948
non ferro metals,others,Lithium,5.63,0.461677824,0.116,6.21,0.15,0.67,2.94,2.44,21.06,0.02,0.00,17.38644948
non ferro metals,others,Manganese,9.23,0.461677824,0.116,9.81,0.08,0.32,0.60,8.80,75.84,0.02,0.00,0.460926019
non ferro metals,others,Mercury (primary),"1,641.85",0.461677824,0.116,"1,642.42","1,586.19",6.99,35.54,13.70,118.08,0.02,0.00,18.07669148
non ferro metals,others,Molybdenum,48.76,0.461677824,0.116,49.33,0.40,2.22,45.39,1.32,11.35,0.02,0.00,7.848500369
non ferro metals,others,Silicon,3.30,0.461677824,0.116,3.88,0.03,0.31,1.20,2.33,20.09,0.02,0.00,2.514662759
non ferro metals,others,Tantalum,631.78,0.461677824,0.116,632.36,1.86,14.33,588.85,27.32,235.55,0.02,0.00,3507.814091
non ferro metals,others,Tellurium,109.95,0.461677824,0.116,110.53,0.33,3.33,101.56,5.32,45.83,0.02,0.00,9.642413679
non ferro metals,others,Tin,23.91,0.461677824,0.116,24.48,0.29,3.88,18.05,2.26,19.49,0.02,0.00,3.174214979
non ferro metals,others,"Tungsten, CRM (virgin)",35.93,0.461677824,0.116,36.51,1.05,4.37,30.44,0.65,5.59,0.02,0.00,4.826159979
non ferro metals,waste metals,Scrap (alum.),0.021,0.461677824,0.116,0.60,0.01,0.10,0.16,0.32,2.78,0.02,0.00,0.188863166
non ferro metals,waste metals,Scrap (copper),0.021,0.461677824,0.116,0.60,0.01,0.10,0.16,0.32,2.78,0.02,0.00,0.188863166
non ferro metals,waste metals,Scrap (iron),0.010,0.461677824,0.116,0.59,0.01,0.10,0.16,0.32,2.75,0.02,0.00,0.184877323
non ferro metals,waste metals,Scrap (Mg),0.031,0.461677824,0.116,0.61,0.01,0.10,0.17,0.33,2.81,0.02,0.00,0.192849009
non ferro metals,waste metals,Scrap (Pb),0.021,0.461677824,0.116,0.60,0.01,0.10,0.16,0.32,2.78,0.02,0.00,0.188863166
non ferro metals,waste metals,Scrap (Sn),0.031,0.461677824,0.116,0.61,0.01,0.10,0.17,0.33,2.81,0.02,0.00,0.192849009
non ferro metals,waste metals,Scrap (Stainless st),0.031,0.461677824,0.116,0.61,0.01,0.10,0.17,0.33,2.81,0.02,0.00,0.192849009
non ferro metals,waste metals,Scrap (W),0.031,0.461677824,0.116,0.61,0.01,0.10,0.17,0.33,2.81,0.02,0.00,0.192849009
packaging,general,Board and recycled paper (test liner and fluting),0.073,,0.116,0.19,0.00,0.00,0.13,0.06,0.50,0.00,0.00,0.006975226
packaging,general,"Brown paper (kraft liner), FSC",0.057,,0.116,0.17,0.00,0.01,0.13,0.03,0.26,0.00,0.00,0.010700838
packaging,general,"Brown paper (kraft liner), unsustainable",0.239,,0.116,0.35,0.00,0.01,0.13,0.21,1.83,0.00,0.00,0.010700838
packaging,general,Molded fiber products,0.052,,0.116,0.17,0.00,0.00,0.12,0.04,0.36,0.00,0.00,0.004650151
packaging,general,"Paper, woodfree uncoated (virgin paper), FSC",0.176,,0.116,0.29,0.00,0.02,0.13,0.14,1.21,0.00,0.00,0.156052983
packaging,general,"Paper, woodfree uncoated (virgin paper), unsustainable",0.358,,0.116,0.47,0.00,0.02,0.13,0.32,2.78,0.00,0.00,0.156052983
packaging,general,"Semichemical fluting, virgin, FSC",0.088,,0.116,0.20,0.00,0.01,0.13,0.06,0.50,0.00,0.00,0.010700838
packaging,general,"Semichemical fluting, virgin, unsustainable",0.270,,0.116,0.39,0.00,0.01,0.13,0.24,2.07,0.00,0.00,0.010700838
plastics,biopolymers,bio-PE (Polyethylene) not biodegradable,0.35,0.539998963,0.116,1.01,0.02,0.20,0.16,0.64,5.50,0.03,0.00,0.748577492
plastics,biopolymers,bio-PET (bottle grade) not biodegradable,1.08,0.539998963,0.116,1.74,0.03,0.27,0.64,0.79,6.81,0.03,0.00,0.751292695
plastics,biopolymers,"CA (Cellulose polymers, bio-based not biodegradable) estimate*",0.68,0.539998963,0.116,1.33,0.02,0.19,0.13,0.99,8.52,0.03,0.00,0.833661601
plastics,biopolymers,"PA-11 (Nylon-11), bio-based not biodegradable, estimate*",1.04,0.539998963,0.116,1.70,0.03,0.23,0.13,1.31,11.31,0.03,0.00,1.192370655
plastics,biopolymers,"PHA or PHB (Polyhydroxyalkanoates, biodegradeble), estimate*",0.59,0.539998963,0.116,1.25,0.02,0.18,0.13,0.91,7.86,0.03,0.00,0.748704183
plastics,biopolymers,"PLA (Polylactide, biodegradeble)",0.69,0.539998963,0.116,1.35,0.03,0.35,0.13,0.84,7.26,0.03,0.00,0.703018361
plastics,biopolymers,"TPS (Starch-based thermoplastics, biodegradable), estimate*",0.14,0.539998963,0.116,0.80,0.02,0.14,0.13,0.51,4.41,0.03,0.00,0.30503766
plastics,recycled plastics,ABS (Acrylonitrile butadiene styrene) recycled (estimate),0.47,0.600104265,-0.051255136,1.02,0.02,0.17,-0.01,0.85,7.30,0.03,0.00,0.56288656
plastics,recycled plastics,CA (Cellelose polymers) recycled (estimate),0.38,0.600104265,0.058424175,1.04,0.02,0.16,0.12,0.74,6.36,0.03,0.00,0.492015977
plastics,recycled plastics,EVA (Ethylene vinyl acetate) recycled (estimate),0.48,0.600104265,-0.012273477,1.07,0.02,0.16,0.05,0.84,7.26,0.03,0.00,0.597805471
plastics,recycled plastics,"Flexible Polymeer Foam (PE), recycled (estimate)",0.50,0.600104265,0.017401793,1.12,0.02,0.18,0.12,0.80,6.92,0.03,0.00,0.609521407
plastics,recycled plastics,"Ionomer, recycled (estimate)",0.47,0.600104265,0.020599045,1.09,0.02,0.18,0.04,0.84,7.24,0.03,0.00,0.600298796
plastics,recycled plastics,Moulded Recycled mixed polymer,0.14,0.600104265,-0.058919743,0.68,0.02,0.16,-0.01,0.52,4.47,0.03,0.00,0.114874101
plastics,recycled plastics,"PA-11 (Nylon-11), recycled, estimate",0.44,0.600104265,-0.046103025,0.99,0.02,0.16,0.12,0.69,5.91,0.03,0.00,0.479772547
plastics,recycled plastics,PA (Nylons) recycled (estimate),0.44,0.600104265,-0.148792093,0.89,0.02,0.14,0.02,0.71,6.14,0.03,0.00,0.509806526
plastics,recycled plastics,PC (Polycarbonate) reclycled (estimate),0.44,0.600104265,-0.138503131,0.90,0.01,0.15,0.01,0.74,6.36,0.03,0.00,0.530648641
plastics,recycled plastics,PE/bio-PE (Polyethylene) recycled (estimate),0.50,0.600104265,-0.02019269,1.08,0.00,0.18,0.00,0.91,7.81,0.03,0.00,0.612756383
plastics,recycled plastics,PEEK (Polyetheretherketone) recycled (estimate),1.00,0.600104265,-0.237993809,1.36,0.02,0.21,0.01,1.11,9.61,0.03,0.00,0.838239856
plastics,recycled plastics,PET/bio-PET recycled (estimate),0.40,0.600104265,-0.021378534,0.98,0.02,0.16,0.03,0.78,6.72,0.03,0.00,0.519861756
plastics,recycled plastics,"PHA and PHB (Polyhydroxyalkanoates, biodegradeble), recycled (estimate)",0.40,0.600104265,0.028869932,1.03,0.02,0.17,0.12,0.72,6.21,0.03,0.00,0.518900155
plastics,recycled plastics,"PLA (Polylactide, starch based biodegradeble plastic), recycled (estimate)",0.38,0.600104265,0.014848546,1.00,0.02,0.14,0.12,0.71,6.16,0.03,0.00,0.507109595
plastics,recycled plastics,PMMA (Polymethyl methacrylate) recycled (estimate),0.42,0.600104265,-0.12148922,0.89,0.02,0.12,0.03,0.73,6.25,0.03,0.00,0.476534329
plastics,recycled plastics,POM (Polyoxymethylene) recycled (estimate),0.37,0.600104265,0.011302671,0.98,0.01,0.16,0.06,0.74,6.36,0.03,0.00,0.569533468
plastics,recycled plastics,PP (Polypropylene) recycled (estimate),0.51,0.600104265,0.000656604,1.11,0.02,0.18,0.00,0.91,7.87,0.03,0.00,0.620198296
plastics,recycled plastics,PS (Polystyrene) recycled (estimate),0.49,0.600104265,-0.062018877,1.03,0.02,0.17,-0.03,0.87,7.51,0.03,0.00,0.581710714
plastics,recycled plastics,"PTFE (Teflon), recycled (estimate)",0.31,0.600104265,-0.097796488,0.81,0.02,0.15,0.04,0.60,5.17,0.03,0.00,0.323408617
plastics,recycled plastics,"PTT (Polyltrimethylene terephthalate), recycled, estimate",0.30,0.600104265,-0.01002209,0.89,0.02,0.16,0.06,0.66,5.68,0.03,0.00,0.397123522
plastics,recycled plastics,PUR (Polyurethane) recycled (estimate),0.40,0.600104265,-0.105752493,0.89,-0.03,0.14,0.01,0.77,6.65,0.03,0.00,0.528469063
plastics,recycled plastics,PVC (Polyvinylchloride) recycled (estimate),0.37,0.600104265,0.037628502,1.01,0.02,0.17,0.06,0.77,6.61,0.03,0.00,0.520150526
plastics,recycled plastics,TPS (Starch-based thermoplastics) recycled (estimate),0.37,0.600104265,0.098156605,1.07,0.02,0.17,0.12,0.76,6.51,0.03,0.00,0.557130995
plastics,recycled plastics,downcycled plastic pellets (mechanical recycled),0.07,0.600104265,0.116,0.79,0.02,0.15,0.14,0.48,4.11,0.03,0.00,0.219058999
plastics,rubbers,BR and PIB (butadiene rubber and butyl rubber)*,1.18,0.539998963,0.116,1.83,0.02,0.28,0.74,0.79,6.78,0.03,0.00,0.944921838
plastics,rubbers,EPDM (ethylene propylene diene monomer rubber),1.21,0.539998963,0.116,1.86,0.02,0.19,0.99,0.67,5.74,0.03,0.00,0.618073961
plastics,rubbers,EVA (ethylene vinyl acetate rubber) estimate*,0.96,0.539998963,0.116,1.62,0.02,0.16,0.72,0.72,6.17,0.03,0.00,0.868399778
plastics,rubbers,IR (polyisoprene rubber) estimate*,1.52,0.539998963,0.116,2.18,0.02,0.19,0.96,1.01,8.67,0.03,0.00,1.322794065
plastics,rubbers,Natural rubber,1.42,0.539998963,0.116,2.08,0.02,0.17,1.25,0.64,5.50,0.03,0.00,0.445618997
plastics,rubbers,NBR (nitrile rubber)*,1.57,0.539998963,0.116,2.22,0.02,0.28,1.14,0.79,6.78,0.03,0.00,0.830296589
plastics,rubbers,"Polychloroprene (Neoprene , CR) rubber estimate*",0.96,0.539998963,0.116,1.61,0.02,0.17,0.64,0.78,6.76,0.03,0.00,0.896389483
plastics,rubbers,PU (polyurethane) rubber for shoe soles,1.60,0.539998963,0.116,2.25,0.04,0.40,0.86,0.95,8.21,0.04,0.00,0.647611615
plastics,rubbers,SAN (Styrene-acrylonitrile copolymer),1.30,0.539998963,0.116,1.95,0.02,0.20,0.99,0.73,6.31,0.03,0.00,0.899221165
plastics,rubbers,SBR (Styrene butadiene rubber)*,1.30,0.539998963,0.116,1.96,0.02,0.26,0.90,0.77,6.66,0.03,0.00,0.934885451
plastics,rubbers,"Silicone rubber, estimate*",1.36,0.539998963,0.116,2.02,0.03,0.23,0.44,1.33,11.46,0.03,0.00,1.211250099
plastics,Thermoplasts,ABS (Acrylonitrile butadiene styrene)*,1.46,0.539998963,0.116,2.12,0.03,0.24,1.01,0.84,7.27,0.03,0.00,0.905893174
plastics,Thermoplasts,ABS 30% glass fibre*,1.05,0.539998963,0.116,1.71,0.03,0.22,0.74,0.72,6.23,0.03,0.00,0.693274095
plastics,Thermoplasts,"Ionomer, estimate*",1.47,0.539998963,0.116,2.12,0.02,0.19,0.93,0.98,8.45,0.03,0.00,1.281221899
plastics,Thermoplasts,"PA 6 (Nylon 6, Polyamide 6)*",2.05,0.539998963,0.116,2.70,0.04,0.41,0.80,1.45,12.48,0.03,0.00,1.042174647
plastics,Thermoplasts,PA 6 GF30*,1.46,0.539998963,0.116,2.12,0.03,0.34,0.60,1.15,9.87,0.03,0.00,0.788671129
plastics,Thermoplasts,"PA 66 (Nylon 66, Polyamide 6-6)*",2.02,0.539998963,0.116,2.68,0.04,0.43,0.88,1.34,11.55,0.03,0.00,1.099424427
plastics,Thermoplasts,PA 66 GF30*,1.45,0.539998963,0.116,2.10,0.03,0.35,0.65,1.07,9.22,0.03,0.00,0.828745978
plastics,Thermoplasts,PB (Polybutadiene)*,1.53,0.539998963,0.116,2.18,0.03,0.30,1.01,0.84,7.28,0.03,0.00,0.951161066
plastics,Thermoplasts,PC (Polycarbonate)*,2.02,0.539998963,0.116,2.68,0.09,0.35,0.91,1.32,11.42,0.03,0.00,0.90165393
plastics,Thermoplasts,PC 30% glass fibre*,1.45,0.539998963,0.116,2.10,0.07,0.30,0.68,1.06,9.13,0.03,0.00,0.690306628
plastics,Thermoplasts,"PE (HDPE, High density Polyethylene)*",1.11,0.539998963,0.116,1.76,0.02,0.18,0.95,0.62,5.31,0.03,0.00,0.765022384
plastics,Thermoplasts,"PE (LDPE, Low density Polyethylene)*",1.15,0.539998963,0.116,1.81,0.02,0.20,0.96,0.64,5.50,0.03,0.00,0.748577492
plastics,Thermoplasts,"PE (LLDPE, Linear low density Polyethylene)*",1.14,0.539998963,0.116,1.80,0.02,0.18,0.99,0.61,5.23,0.03,0.00,0.747239823
plastics,Thermoplasts,PE (Polyethylene) expanded*,1.22,0.539998963,0.116,1.87,0.02,0.20,0.96,0.70,6.00,0.03,0.00,0.802267743
plastics,Thermoplasts,"PEEK (Polyetheretherketone), estimate*",3.26,0.539998963,0.116,3.91,0.04,0.37,0.85,2.65,22.85,0.03,0.00,3.082963705
plastics,Thermoplasts,PET 30% glass fibre*,0.87,0.539998963,0.116,1.52,0.03,0.24,0.57,0.68,5.90,0.03,0.00,0.585053757
plastics,Thermoplasts,PET amorph*,1.17,0.539998963,0.116,1.83,0.03,0.27,0.76,0.78,6.68,0.03,0.00,0.741453242
plastics,Thermoplasts,PET bottle grade*,1.20,0.539998963,0.116,1.85,0.03,0.27,0.76,0.79,6.81,0.03,0.00,0.751292695
plastics,Thermoplasts,PMMA (Polymethyl methacrylate)*,1.85,0.539998963,0.116,2.51,0.03,0.51,0.74,1.23,10.62,0.03,0.00,1.136427307
plastics,Thermoplasts,"POM (Polyoxymethyleen, polyacetaal)",0.90,0.539998963,0.116,1.55,0.05,0.19,0.54,0.77,6.63,0.03,0.00,0.193343156
plastics,Thermoplasts,PP (Polypropylene)*,1.12,0.539998963,0.116,1.78,0.02,0.18,0.96,0.62,5.34,0.03,0.00,0.76430737
plastics,Thermoplasts,PP GF30*,0.82,0.539998963,0.116,1.47,0.02,0.18,0.71,0.57,4.88,0.03,0.00,0.594164034
plastics,Thermoplasts,"PS (EPS, expandable polystyrene)*",1.55,0.539998963,0.116,2.21,0.02,0.23,1.16,0.80,6.87,0.03,0.00,0.880742932
plastics,Thermoplasts,"PS (GPPS, general purpose polystyrene)*",1.49,0.539998963,0.116,2.14,0.02,0.23,1.08,0.81,6.95,0.03,0.00,0.860423956
plastics,Thermoplasts,"PS (HIPS, high impact polysyrene)*",1.49,0.539998963,0.116,2.14,0.03,0.23,1.08,0.80,6.93,0.03,0.00,0.862040233
plastics,Thermoplasts,"PTFE (Teflon, Polytetrafluoroethylene), estimate*",1.56,0.539998963,0.116,2.22,0.03,0.23,0.65,1.31,11.31,0.03,0.00,1.489877655
plastics,Thermoplasts,"PTT (Polyltrimethylene terephthalate), estimate",0.88,0.539998963,0.116,1.54,0.02,0.17,0.57,0.78,6.73,0.03,0.00,0.851940595
plastics,Thermoplasts,PVAC (wood glue),1.16,0.539998963,0.116,1.82,0.02,0.36,0.68,0.76,6.57,0.03,0.00,1.593362345
plastics,Thermoplasts,PVC (Polyvinylchloride bulk polymerised),0.71,0.539998963,0.116,1.37,0.02,0.19,0.50,0.65,5.64,0.03,0.00,0.417872252
plastics,Thermoplasts,PVC (Polyvinylchloride emulsion polymerised),0.80,0.539998963,0.116,1.45,0.04,0.18,0.55,0.68,5.88,0.03,0.00,0.634541639
plastics,Thermoplasts,PVC (Polyvinylchloride suspension polymerised),0.69,0.539998963,0.116,1.35,0.03,0.17,0.54,0.62,5.31,0.03,0.00,0.589904076
plastics,Thermoplasts,"PVC (Polyvinylchloride, market mix)",0.71,0.539998963,0.116,1.36,0.03,0.17,0.54,0.63,5.40,0.03,0.00,0.58149804
plastics,Thermoplasts,PVDC (Polyvinyliden chloride),3.69,0.539998963,0.116,4.35,2.66,0.36,0.41,0.92,7.91,0.03,0.00,0.679124887
plastics,Thermosets             ,CFRP 25% carbon,1.07,0.539998963,0.116,1.73,0.02,0.46,0.39,0.85,7.35,0.03,0.00,0.869138135
plastics,Thermosets             ,Epoxy resin,1.30,0.539998963,0.116,1.95,0.02,0.40,0.85,0.68,5.87,0.03,0.00,0.613649096
plastics,Thermosets             ,MF (resin),0.72,0.539998963,0.116,1.38,0.02,0.18,0.59,0.59,5.08,0.03,0.00,0.472511961
plastics,Thermosets             ,PF (resin),0.76,0.539998963,0.116,1.41,0.02,0.15,0.70,0.54,4.67,0.03,0.00,0.885340961
plastics,Thermosets             ,Phenolics (Bakelite),0.98,0.539998963,0.116,1.64,0.02,0.21,0.78,0.63,5.40,0.03,0.00,0.620540906
plastics,Thermosets             ,Polyester (unsaturated),1.12,0.539998963,0.116,1.78,0.02,0.22,0.84,0.69,5.95,0.03,0.00,0.659895951
plastics,Thermosets             ,PUR flex. block foam TDI,1.73,0.539998963,0.116,2.39,0.34,0.37,0.89,0.78,6.75,0.03,0.00,0.656120374
plastics,Thermosets             ,PUR flex. moulded MDI/TDI,1.76,0.539998963,0.116,2.41,0.34,0.37,0.91,0.79,6.83,0.03,0.00,0.656395849
plastics,Thermosets             ,PUR flex. moulded TDI,1.75,0.539998963,0.116,2.41,0.34,0.37,0.90,0.79,6.83,0.03,0.00,0.659282671
plastics,Thermosets             ,PUR flex. moulded. MDI,1.74,0.539998963,0.116,2.40,0.34,0.35,0.93,0.78,6.70,0.03,0.00,0.638240891
plastics,Thermosets             ,PUR rigid foam MDI,1.57,0.539998963,0.116,2.22,0.28,0.32,0.90,0.73,6.25,0.03,0.00,0.594954402
plastics,Thermosets             ,SMC and DMC 25% GL,0.36,0.539998963,0.116,1.02,0.02,0.16,0.34,0.50,4.32,0.03,0.00,0.346029664
plastics,Thermosets             ,SMC and DMC 50% GL,0.33,0.539998963,0.116,0.98,0.02,0.17,0.30,0.49,4.26,0.03,0.00,0.31971199
plastics,Thermosets             ,UF (resin),0.66,0.539998963,0.116,1.31,0.02,0.17,0.55,0.57,4.91,0.03,0.00,0.692953961
plastics,Special ,DEHP (phthalate),1.81,0.539998963,0.108938411,2.46,0.04,0.22,1.33,0.87,7.50,0.03,0.00,1.380534977
plastics,Special ,DINP (phthalate),1.43,0.539998963,0.108938411,2.08,0.03,0.21,0.86,0.98,8.42,0.03,0.00,0.915443629
plastics,Special ,EVOH (film barrier of gasses),9.15,0.539998963,0.108938411,9.80,0.10,0.95,0.75,8.00,68.97,0.03,0.00,8.909513229
plastics,Special ,Paperfoam,0.28,0.539998963,0.116,0.94,0.04,0.23,0.18,0.49,4.19,0.03,0.00,0.209362592
plastics,Special ,PVOH (film barrier of gasses),1.16,0.539998963,0.112014678,1.81,0.02,0.36,0.66,0.78,6.70,0.03,0.00,1.572245706
textiles,A.140.02 textile processes,Acryl (100% Acrylonitrile) polymer pellet production,1.01,,0.116,1.12,0.01,0.09,0.76,0.27,2.31,0.00,0.00,0.38483753
textiles,A.140.03 textile processes,BioCotton fibre from China/India (without global seatransport),2.39,,0.116,2.51,-0.01,0.15,1.95,0.42,3.59,0.00,0.00,0.151578603
textiles,A.140.04 textile processes,BioCotton fibre from USA (without global seatransport),2.58,,0.116,2.69,-0.01,0.15,1.78,0.77,6.62,0.00,0.00,0.556148821
textiles,A.140.05 textile processes,Cotton fibre from China (without global seatransport),2.96,,0.116,3.07,0.00,0.27,1.99,0.81,7.02,0.00,0.00,0.587620733
textiles,A.140.06 textile processes,Cotton fibre from USA (without global seatransport),3.03,,0.116,3.14,0.00,0.25,1.81,1.08,9.30,0.00,0.00,0.903215803
textiles,A.140.07 textile processes,Cotton fibre market mix (without global seatransport),5.60,,0.116,5.72,0.00,0.26,4.59,0.87,7.47,0.00,0.00,0.650739743
textiles,A.140.08 textile processes,Elastane (polyurethane) polymer pellet production,1.75,,0.116,1.87,0.33,0.25,0.88,0.41,3.52,0.00,0.00,0.49584071
textiles,A.140.09 textile processes,Fleece from recycled PET bottles,1.37,,0.116,1.49,0.02,0.19,0.20,1.07,9.26,0.02,0.00,0.979564052
textiles,A.140.10 textile processes,"Jute fibre market mix, degummed",0.88,,0.116,1.00,0.01,0.06,0.50,0.43,3.73,0.01,0.00,0.260121373
textiles,A.140.11 textile processes,"Jute fibre, India, irrigation, degummed",1.70,,0.116,1.82,0.01,0.06,1.32,0.43,3.73,0.01,0.00,0.260121373
textiles,A.140.12 textile processes,"Jute fibre, India, rain fed, degummed with renewable fuel",0.82,,0.116,0.93,0.02,0.11,0.33,0.48,4.18,0.02,0.00,0.181591402
textiles,A.140.13 textile processes,"Kenaf fibre, India, degummed",1.03,,0.116,1.15,0.01,0.07,0.75,0.32,2.77,0.01,0.00,0.275071966
textiles,A.140.14 textile processes,"Kenaf fibre, Italy, degummed with renewable fuel",0.68,,0.116,0.80,0.01,0.05,0.57,0.17,1.50,0.01,0.00,0.111764926
textiles,A.140.15 textile processes,Nylon polymer pellet production,2.03,,0.116,2.15,0.02,0.30,0.82,1.01,8.71,0.00,0.00,0.907357581
textiles,A.140.16 textile processes,PET polymer pellet production,1.17,,0.116,1.29,0.02,0.14,0.74,0.39,3.38,0.00,0.00,0.578011281
textiles,A.140.17 textile processes,PLA (polylactide) pellet production,0.69,,0.116,0.81,0.01,0.22,0.12,0.46,3.95,0.00,0.00,0.5395764
textiles,A.140.18 textile processes,Sorona (PTT) biobased,0.88,,0.116,1.00,0.00,0.04,0.55,0.40,3.42,0.00,0.00,0.688498634
textiles,A.140.19 textile processes,Viscose production,0.33,,0.116,0.44,0.01,0.15,0.12,0.17,1.50,0.00,0.00,0.2048835
textiles,A.140.20 textile processes,Wool from US (with transport to rotterdam),6.56,,0.116,6.67,0.04,3.80,0.31,2.53,21.79,0.00,0.00,0.476687825
textiles,A.140.21 textile processes,"dyeing, with pollution, without materials input, India",0.49,,0.116,0.60,0.07,0.13,0.13,0.28,2.38,0.02,0.00,0.117688795
textiles,A.140.22 textile processes,"dyeing, without materials input, Europe",0.39,,0.116,0.50,0.01,0.09,0.13,0.28,2.38,0.02,0.00,0.117688795
textiles,A.140.23 textile processes,heat setting and washing synthetic fabrics,0.16,,0.116,0.27,0.00,0.04,0.12,0.11,0.96,0.01,0.00,0.047604454
textiles,A.140.24 textile processes,knitting  83 dtex,0.04,,0.116,0.16,0.00,0.01,0.12,0.03,0.27,0.00,0.00,0.013487929
textiles,A.140.25 textile processes,knitting 200 dtex,0.02,,0.116,0.13,0.00,0.00,0.12,0.01,0.11,0.00,0.00,0.005553853
textiles,A.140.26 textile processes,knitting 300 dtex,0.01,,0.116,0.13,0.00,0.00,0.12,0.01,0.07,0.00,0.00,0.003702569
textiles,A.140.27 textile processes,pretreatment of cotton,0.22,,0.116,0.33,0.01,0.05,0.12,0.16,1.34,0.01,0.00,0.066117298
textiles,A.140.28 textile processes,spinning cotton  45 dtex,1.96,,0.116,2.08,0.05,0.45,0.18,1.39,12.01,0.10,0.00,0.593468863
textiles,A.140.29 textile processes,spinning cotton  70 dtex,1.26,,0.116,1.38,0.03,0.29,0.16,0.90,7.72,0.06,0.00,0.381629042
textiles,A.140.30 textile processes,spinning cotton 100 dtex,0.88,,0.116,1.00,0.02,0.20,0.14,0.63,5.41,0.04,0.00,0.267113878
textiles,A.140.31 textile processes,spinning cotton 150 dtex,0.59,,0.116,0.70,0.02,0.14,0.13,0.42,3.60,0.03,0.00,0.177987761
textiles,A.140.32 textile processes,spinning cotton 200 dtex,0.44,,0.116,0.56,0.01,0.10,0.13,0.31,2.70,0.02,0.00,0.133556939
textiles,A.140.33 textile processes,spinning cotton 300 dtex,0.29,,0.116,0.41,0.01,0.07,0.13,0.21,1.80,0.01,0.00,0.089126117
textiles,A.140.34 textile processes,spinning cotton 400 dtex,0.22,,0.116,0.34,0.01,0.05,0.12,0.16,1.35,0.01,0.00,0.066910705
textiles,A.140.35 textile processes,spinning cotton 500 dtex,0.18,,0.116,0.29,0.00,0.04,0.12,0.13,1.08,0.01,0.00,0.053422777
textiles,A.140.36 textile processes,spinning extruder polymer filaments  (80 - 500 dtex),0.16,,0.116,0.27,0.00,0.04,0.12,0.11,0.95,0.01,0.00,0.046943282
textiles,A.140.37 textile processes,spinning viscose fibres (80-500 dtex),0.04,,0.116,0.15,0.00,0.01,0.12,0.03,0.24,0.00,0.00,0.011669703
textiles,A.140.38 textile processes,texturing polymer fibres,0.09,,0.116,0.20,0.00,0.02,0.12,0.06,0.54,0.00,0.00,0.026446919
textiles,A.140.39 textile processes,weaving  15 dtex,8.62,,0.116,8.74,0.24,1.99,0.39,6.13,52.81,0.42,0.00,2.609517492
textiles,A.140.40 textile processes,weaving  30 dtex,4.31,,0.116,4.43,0.12,0.99,0.25,3.06,26.40,0.21,0.00,1.30462648
textiles,A.140.41 textile processes,weaving  45 dtex,2.87,,0.116,2.99,0.08,0.66,0.21,2.04,17.60,0.14,0.00,0.869839171
textiles,A.140.42 textile processes,weaving  70 dtex,1.85,,0.116,1.96,0.05,0.43,0.17,1.31,11.31,0.09,0.00,0.559087868
textiles,A.140.43 textile processes,weaving 100 dtex,1.29,,0.116,1.41,0.04,0.30,0.16,0.92,7.92,0.06,0.00,0.391414407
textiles,A.140.44 textile processes,weaving 150 dtex,0.86,,0.116,0.98,0.02,0.20,0.14,0.61,5.28,0.04,0.00,0.261031089
textiles,A.140.45 textile processes,weaving 200 dtex,0.65,,0.116,0.76,0.02,0.15,0.14,0.46,3.96,0.03,0.00,0.195707204
textiles,A.140.46 textile processes,weaving 300 dtex,0.43,,0.116,0.55,0.01,0.10,0.13,0.31,2.64,0.02,0.00,0.130383308
textiles,A.140.47 textile processes,weaving 400 dtex,0.32,,0.116,0.44,0.01,0.07,0.13,0.23,1.98,0.02,0.00,0.097853601
textiles,A.140.48 textile processes,weaving 500 dtex,0.26,,0.116,0.37,0.01,0.06,0.12,0.18,1.58,0.01,0.00,0.07828288
textiles,A.140.49 textile processes,"Idematapp2018.. Geotextiles (PP, 500 dTex, woven)",1.54,,0.116,1.65,0.02,0.15,0.95,0.53,4.57,0.02,0.00,0.726091572
wood,Class I (>25y),Afrormosia FSC/PEFC 700 (kg/m3),0.05,3.51941E-05,0.082457369,0.13,0.00,0.01,0.12,0.00,0.00,0.00,0.00,-0.000991538
wood,Class I (>26y),Afrormosia natural forest 700 (kg/m3),4.65,3.51941E-05,0.082457369,4.73,0.00,0.01,4.32,0.40,3.45,0.00,0.00,-0.000991538
wood,Class I (>27y),Afzelia FCS/PEFCt 820 (kg/m3),0.05,3.51941E-05,0.082457369,0.13,0.00,0.01,0.12,0.00,-0.01,0.00,0.00,-0.001994524
wood,Class I (>28y),Afzelia natural forest 820 (kg/m3),5.67,3.51941E-05,0.082457369,5.75,0.00,0.01,5.34,0.40,3.44,0.00,0.00,-0.001994524
wood,Class I (>29y),Guaiacum wood FSC/PEFC 1250 (kg/m3),0.04,3.51941E-05,0.082457369,0.13,0.00,0.01,0.12,0.00,-0.02,0.00,0.00,-0.00252945
wood,Class I (>30y),Guaiacum wood natural forest 1250 (kg/m3),3.01,3.51941E-05,0.082457369,3.09,0.00,0.01,2.69,0.40,3.43,0.00,0.00,-0.00252945
wood,Class I (>31y),Iroko FSC/PEFC 650 (kg/m3),0.06,3.51941E-05,0.082457369,0.14,0.00,0.01,0.13,0.00,0.01,0.00,0.00,0.000412641
wood,Class I (>32y),Iroko natural forest 650 (kg/m3),4.58,3.51941E-05,0.082457369,4.67,0.00,0.01,4.25,0.40,3.46,0.00,0.00,0.000412641
wood,Class I (>33y),Makore FSC/PEFC 660 (kg/m3),0.05,3.51941E-05,0.082457369,0.14,0.00,0.01,0.12,0.00,0.00,0.00,0.00,-0.000790941
wood,Class I (>34y),Makore natural forest 660 (kg/m3),4.50,3.51941E-05,0.082457369,4.59,0.00,0.01,4.17,0.40,3.45,0.00,0.00,-0.000790941
wood,Class I (>35y),Mansonia FSC/PEFC 620 (kg/m3),0.06,3.51941E-05,0.082457369,0.14,0.00,0.01,0.13,0.00,0.00,0.00,0.00,-0.000122285
wood,Class I (>36y),Mansonia natural forest 620 (kg/m3),5.20,3.51941E-05,0.082457369,5.28,0.00,0.01,4.87,0.40,3.45,0.00,0.00,-0.000122285
wood,Class I (>37y),Moabi FSC/PEFC 815 (kg/m3),0.05,3.51941E-05,0.082457369,0.13,0.00,0.01,0.12,0.00,-0.01,0.00,0.00,-0.001927658
wood,Class I (>38y),Moabi natural forest 815 (kg/m3),5.67,3.51941E-05,0.082457369,5.75,0.00,0.01,5.34,0.40,3.44,0.00,0.00,-0.001927658
wood,Class I (>39y),"Padouk, African FSC/PEFC 740 (kg/m3)",0.05,3.51941E-05,0.082457369,0.13,0.00,0.01,0.12,0.00,-0.01,0.00,0.00,-0.001325867
wood,Class I (>40y),"Padouk, African natural forest 740 (kg/m3)",6.21,3.51941E-05,0.082457369,6.29,0.00,0.01,5.88,0.40,3.44,0.00,0.00,-0.001325867
wood,Class I (>41y),"Palissander, Indisch FSC/PEFC 850 (kg/m3)",0.04,3.51941E-05,0.082457369,0.13,0.00,0.01,0.12,0.00,-0.02,0.00,0.00,-0.002596315
wood,Class I (>42y),"Palissander, Indisch natural forest 850 (kg/m3)",4.22,3.51941E-05,0.082457369,4.30,0.00,0.01,3.90,0.39,3.40,0.00,0.00,-0.004361647
wood,Class I (>43y),Robinia FSC/PEFC 740 (kg/m3),0.02,3.51941E-05,0.082457369,0.10,0.00,0.00,0.12,-0.02,-0.18,0.00,0.00,-0.000702856
wood,Class I (>44y),Teak FSC/PEFC 665 (kg/m3),0.09,3.51941E-05,0.082457369,0.17,0.00,0.02,0.14,0.01,0.06,0.00,0.00,0.006497419
wood,Class I (>45y),Teak natural forest 665 (kg/m3),4.50,3.51941E-05,0.082457369,4.58,0.00,0.02,4.15,0.41,3.51,0.00,0.00,0.006497419
wood,Class II (15-25y),Agba FSC/PEFC 500 (kg/m3),0.06,3.51941E-05,0.082457369,0.15,0.00,0.02,0.13,0.00,0.02,0.00,0.00,0.001683089
wood,Class II (15-26y),Agba natural forest 500 (kg/m3),9.04,3.51941E-05,0.082457369,9.13,0.00,0.02,8.71,0.40,3.47,0.00,0.00,0.001683089
wood,Class II (15-27y),Angelique FSC 735 (kg/m3),0.05,3.51941E-05,0.082457369,0.13,0.00,0.01,0.12,0.00,-0.01,0.00,0.00,-0.001994524
wood,Class II (15-28y),Angelique natural forest 735 (kg/m3),4.81,3.51941E-05,0.082457369,4.90,0.00,0.01,4.49,0.40,3.44,0.00,0.00,-0.001994524
wood,Class II (15-29y),Azobé FSC/PEFC 1060 (kg/m3),0.05,3.51941E-05,0.082457369,0.13,0.00,0.01,0.12,0.00,-0.02,0.00,0.00,-0.002261987
wood,Class II (15-30y),Azobé natural forest 1060 (kg/m3),4.47,3.51941E-05,0.082457369,4.55,0.00,0.01,4.14,0.40,3.43,0.00,0.00,-0.002261987
wood,Class II (15-31y),Bosse clair FSC/PEFC 575 (kg/m3),0.06,3.51941E-05,0.082457369,0.14,0.00,0.01,0.13,0.00,0.01,0.00,0.00,0.000479506
wood,Class II (15-32y),Bosse clair natural forest 575 (kg/m3),7.90,3.51941E-05,0.082457369,7.98,0.00,0.01,7.57,0.40,3.46,0.00,0.00,0.000479506
wood,Class II (15-33y),Bubinga FSC/PEFC 830 (kg/m3),0.05,3.51941E-05,0.082457369,0.13,0.00,0.01,0.12,0.00,-0.01,0.00,0.00,-0.00206139
wood,Class II (15-34y),Bubinga natural forest 830 (kg/m3),5.61,3.51941E-05,0.082457369,5.69,0.00,0.01,5.28,0.40,3.44,0.00,0.00,-0.00206139
wood,Class II (15-35y),"Cedar, American FSC/PEFC 490 (kg/m3)",0.07,3.51941E-05,0.082457369,0.15,0.00,0.02,0.13,0.00,0.02,0.00,0.00,0.002485478
wood,Class II (15-36y),"Cedar, American natural forest 490 (kg/m3)",8.10,3.51941E-05,0.082457369,8.18,0.00,0.02,7.76,0.40,3.47,0.00,0.00,0.002485478
wood,Class II (15-37y),Chestnut FSC/PEFC 540 (kg/m3),0.03,3.51941E-05,0.082457369,0.12,0.00,0.00,0.13,-0.02,-0.14,0.00,0.00,0.004279466
wood,Class II (15-38y),Cordia FCS/PEFC 540 (kg/m3),0.08,3.51941E-05,0.082457369,0.16,0.00,0.02,0.13,0.00,0.04,0.00,0.00,0.004357717
wood,Class II (15-39y),Cordia natural forest 540 (kg/m3),5.43,3.51941E-05,0.082457369,5.51,0.00,0.02,5.08,0.40,3.49,0.00,0.00,0.004357717
wood,Class II (15-40y),Idigbo FSC/PEFC 550 (kg/m3),0.05,3.51941E-05,0.082457369,0.14,0.00,0.01,0.12,0.00,0.00,0.00,0.00,-0.000456613
wood,Class II (15-41y),Idigbo natural forest 550 (kg/m3),4.35,3.51941E-05,0.082457369,4.44,0.00,0.01,4.02,0.40,3.45,0.00,0.00,-0.000456613
wood,Class II (15-42y),Mahogany FSC/PEFC 1110 (kg/m3),0.05,3.51941E-05,0.082457369,0.13,0.00,0.01,0.12,0.00,-0.01,0.00,0.00,-0.002128255
wood,Class II (15-43y),Mahogany natural forest 1110 (kg/m3),3.34,3.51941E-05,0.082457369,3.42,0.00,0.01,3.01,0.40,3.44,0.00,0.00,-0.002128255
wood,Class II (15-44y),Meranti FSC/PEFC 640 (kg/m3),0.09,3.51941E-05,0.082457369,0.18,0.00,0.03,0.14,0.01,0.07,0.00,0.00,0.007968464
wood,Class II (15-45y),Meranti natural forest 640 (kg/m3),7.15,3.51941E-05,0.082457369,7.24,0.00,0.03,6.80,0.41,3.52,0.00,0.00,0.007968464
wood,Class II (15-46y),Merbau FSC/PEFC 800 (kg/m3),0.08,3.51941E-05,0.082457369,0.16,0.00,0.02,0.13,0.00,0.04,0.00,0.00,0.004825777
wood,Class II (15-47y),Merbau natural forest 800 (kg/m3),5.82,3.51941E-05,0.082457369,5.90,0.00,0.02,5.47,0.41,3.49,0.00,0.00,0.004825777
wood,Class II (15-48y),"Oak, European FSC/PEFC 710 (kg/m3)",0.01,3.51941E-05,0.082457369,0.09,0.00,0.00,0.12,-0.02,-0.20,0.00,0.00,-0.00369225
wood,Class II (15-49y),Purpleheart FSC/PEFC 850 (kg/m3),0.04,3.51941E-05,0.082457369,0.13,0.00,0.01,0.12,0.00,-0.02,0.00,0.00,-0.002663182
wood,Class II (15-50y),Purpleheart natural forest 850 (kg/m3),4.22,3.51941E-05,0.082457369,4.31,0.00,0.01,3.90,0.40,3.43,0.00,0.00,-0.002663182
wood,Class II (15-51y),"Red Cedar, Western 370 (kg/m3)",0.12,3.51941E-05,0.082457369,0.20,0.00,0.04,0.16,0.00,-0.02,0.00,0.00,0.01825926
wood,Class II (15-52y),Utile FSC/PEFC 640 (kg/m3),0.05,3.51941E-05,0.082457369,0.14,0.00,0.01,0.12,0.00,0.00,0.00,0.00,-0.000322881
wood,Class II (15-53y),Utile natural forest 640 (kg/m3),5.05,3.51941E-05,0.082457369,5.13,0.00,0.01,4.72,0.40,3.45,0.00,0.00,-0.000322881
wood,Class II (15-54y),Wengé FSC/PEFC 830 (kg/m3),0.05,3.51941E-05,0.082457369,0.13,0.00,0.01,0.12,0.00,-0.01,0.00,0.00,-0.00206139
wood,Class II (15-55y),Wengé natural forest 830 (kg/m3),5.61,3.51941E-05,0.082457369,5.69,0.00,0.01,5.28,0.40,3.44,0.00,0.00,-0.00206139
wood,Class III (10-15y),Carapa FSC/PEFC 610 (kg/m3),0.05,3.51941E-05,0.082457369,0.14,0.00,0.01,0.12,0.00,0.00,0.00,0.00,-0.000523479
wood,Class III (10-16y),Carapa natural forest 610 (kg/m3),5.72,3.51941E-05,0.082457369,5.80,0.00,0.01,5.39,0.40,3.45,0.00,0.00,-0.000523479
wood,Class III (10-17y),Dibetou FSC/PEFC550 (kg/m3),0.06,3.51941E-05,0.082457369,0.14,0.00,0.01,0.13,0.00,0.01,0.00,0.00,0.000880701
wood,Class III (10-18y),Dibetou natural forest 550 (kg/m3),8.26,3.51941E-05,0.082457369,8.34,0.00,0.01,7.93,0.40,3.46,0.00,0.00,0.000880701
wood,Class III (10-19y),Kauri FSC/PEFC 485 (kg/m3),0.12,3.51941E-05,0.082457369,0.20,0.00,0.04,0.15,0.01,0.11,0.00,0.00,0.012983391
wood,Class III (10-20y),Kauri natural forest 485 (kg/m3),9.34,3.51941E-05,0.082457369,9.42,0.00,0.04,8.97,0.41,3.56,0.00,0.00,0.012983391
wood,Class III (10-21y),Kotibe FSC/PEFCt 760 (kg/m3),0.05,3.51941E-05,0.082457369,0.13,0.00,0.01,0.12,0.00,-0.01,0.00,0.00,-0.001727061
wood,Class III (10-22y),Kotibe natural forest 760 (kg/m3),3.26,3.51941E-05,0.082457369,3.35,0.00,0.01,2.94,0.40,3.44,0.00,0.00,-0.001727061
wood,Class III (10-23y),Larch FSC/PEFC 600 (kg/m3),0.03,3.51941E-05,0.082457369,0.11,0.00,0.01,0.12,-0.02,-0.18,0.00,0.00,-0.001727061
wood,Class III (10-24y),"Mahogany, African FSC/PEFC 640 (kg/m3)",0.05,3.51941E-05,0.082457369,0.14,0.00,0.01,0.12,0.00,0.00,0.00,0.00,-0.000322881
wood,Class III (10-25y),"Mahogany, African natural forest 640 (kg/m3)",7.12,3.51941E-05,0.082457369,7.20,0.00,0.01,6.78,0.40,3.45,0.00,0.00,-0.000322881
wood,Class III (10-26y),Movigui FSC/PEFC 710 (kg/m3),0.05,3.51941E-05,0.082457369,0.13,0.00,0.01,0.12,0.00,-0.01,0.00,0.00,-0.00206139
wood,Class III (10-27y),Movigui natural forest 710 (kg/m3),2.70,3.51941E-05,0.082457369,2.78,0.00,0.01,2.37,0.40,3.44,0.00,0.00,-0.00206139
wood,Class III (10-28y),Mutenye FSC/PEFCt 820 (kg/m3),0.05,3.51941E-05,0.082457369,0.13,0.00,0.01,0.12,0.00,-0.01,0.00,0.00,-0.001259001
wood,Class III (10-29y),Mutenye natural forest 820 (kg/m3),3.06,3.51941E-05,0.082457369,3.14,0.00,0.01,2.73,0.40,3.44,0.00,0.00,-0.001259001
wood,Class III (10-30y),Niangon FSC/PEFC 710 (kg/m3),0.05,3.51941E-05,0.082457369,0.13,0.00,0.01,0.12,0.00,-0.01,0.00,0.00,-0.00206139
wood,Class III (10-31y),Niangon natural forest 710 (kg/m3),3.45,3.51941E-05,0.082457369,3.53,0.00,0.01,3.12,0.40,3.44,0.00,0.00,-0.00206139
wood,Class III (10-32y),Olon FSC/PEFC 485 (kg/m3),0.07,3.51941E-05,0.082457369,0.15,0.00,0.02,0.13,0.00,0.02,0.00,0.00,0.002017418
wood,Class III (10-33y),Olon natural forest 485 (kg/m3),9.29,3.51941E-05,0.082457369,9.37,0.00,0.02,8.95,0.40,3.47,0.00,0.00,0.002017418
wood,Class III (10-34y),Oregon Pine FSC/PEFC 505 (kg/m3),0.08,3.51941E-05,0.082457369,0.17,0.00,0.03,0.14,-0.01,-0.08,0.00,0.00,0.010576227
wood,Class III (10-35y),Oregon Pine natural forest 505 (kg/m3),3.26,3.51941E-05,0.082457369,3.34,0.00,0.03,3.32,-0.01,-0.08,0.00,0.00,0.010576227
wood,Class III (10-36y),Peroba FSC/PEFC 750 (kg/m3),0.05,3.51941E-05,0.082457369,0.13,0.00,0.01,0.12,0.00,0.00,0.00,0.00,-0.000991538
wood,Class III (10-37y),Peroba natural forest 750 (kg/m3),4.73,3.51941E-05,0.082457369,4.81,0.00,0.01,4.40,0.40,3.45,0.00,0.00,-0.000991538
wood,Class III (10-38y),Pitch Pine FSC/PEFC 750 (kg/m3),0.05,3.51941E-05,0.082457369,0.13,0.00,0.01,0.12,0.00,0.00,0.00,0.00,-0.000991538
wood,Class III (10-39y),Pitch Pine natural forest 750 (kg/m3),6.15,3.51941E-05,0.082457369,6.23,0.00,0.01,5.82,0.40,3.45,0.00,0.00,-0.000991538
wood,Class III (10-40y),Sapelli FSC/PEFC 650 (kg/m3),0.05,3.51941E-05,0.082457369,0.14,0.00,0.01,0.12,0.00,0.00,0.00,0.00,-0.000456613
wood,Class III (10-41y),Sapelli natural forest 650 (kg/m3),7.05,3.51941E-05,0.082457369,7.14,0.00,0.01,6.72,0.40,3.45,0.00,0.00,-0.000456613
wood,Class III (10-42y),Scots pine FSC/PEFC 520 (kg/m3),0.01,3.51941E-05,0.082457369,0.09,0.00,0.00,0.11,-0.03,-0.22,0.00,0.00,-0.007083241
wood,Class III (10-43y),Tchitola FSC/PEFC 630 (kg/m3),0.06,3.51941E-05,0.082457369,0.14,0.00,0.01,0.12,0.00,0.00,0.00,0.00,-0.000256016
wood,Class III (10-44y),Tchitola natural forest 630 (kg/m3),5.12,3.51941E-05,0.082457369,5.20,0.00,0.01,4.79,0.40,3.45,0.00,0.00,-0.000256016
wood,Class III (10-45y),Tiama FSC/PEFC 560 (kg/m3),0.06,3.51941E-05,0.082457369,0.14,0.00,0.01,0.13,0.00,0.01,0.00,0.00,0.000412641
wood,Class III (10-46y),Tiama natural forest 560 (kg/m3),8.08,3.51941E-05,0.082457369,8.16,0.00,0.01,7.75,0.40,3.46,0.00,0.00,0.000412641
wood,Class III (10-47y),Walnut FSC/PEFC 670 (kg/m3),0.03,3.51941E-05,0.082457369,0.12,0.00,0.00,0.13,-0.02,-0.14,0.00,0.00,0.004279466
wood,Class III (10-48y),Yang FSC/PEFC 750 (kg/m3),0.08,3.51941E-05,0.082457369,0.16,0.00,0.02,0.13,0.01,0.04,0.00,0.00,0.004892642
wood,Class III (10-49y),Yang natural forest 750 (kg/m3),4.04,3.51941E-05,0.082457369,4.12,0.00,0.02,3.70,0.41,3.49,0.00,0.00,0.004892642
wood,Class IV (5-36y),Aningre FSC/PEFC 580 (kg/m3),0.05,3.51941E-05,0.082457369,0.13,0.00,0.01,0.12,0.00,0.00,0.00,0.00,-0.000857808
wood,Class IV (5-37y),Aningre natural forest 580 (kg/m3),4.14,3.51941E-05,0.082457369,4.23,0.00,0.01,3.81,0.40,3.45,0.00,0.00,-0.000857808
wood,Class IV (5-38y),Avodire FSC/PEFC 550 (kg/m3),0.05,3.51941E-05,0.082457369,0.14,0.00,0.01,0.12,0.00,0.00,0.00,0.00,-0.000456613
wood,Class IV (5-39y),Avodire natural forest 550 (kg/m3),4.35,3.51941E-05,0.082457369,4.44,0.00,0.01,4.02,0.40,3.45,0.00,0.00,-0.000456613
wood,Class IV (5-40y),Balsa FSC/PEFC 150 (kg/m3),0.19,3.51941E-05,0.082457369,0.27,0.00,0.05,0.19,0.03,0.28,0.00,0.00,0.035324886
wood,Class IV (5-41y),Balsa natural forest 150 (kg/m3),36.21,3.51941E-05,0.082457369,36.30,0.00,0.05,35.81,0.43,3.73,0.00,0.00,0.035324886
wood,Class IV (5-42y),Birch FSC/PEFC 660 (kg/m3),0.03,3.51941E-05,0.082457369,0.12,0.00,0.00,0.13,-0.02,-0.14,0.00,0.00,0.004279466
wood,Class IV (5-43y),Elm FSC/PEFC 650 (kg/m3),0.03,3.51941E-05,0.082457369,0.12,0.00,0.00,0.13,-0.02,-0.14,0.00,0.00,0.004279466
wood,Class IV (5-44y),Emeri FSC/PEFC 515 (kg/m3),0.06,3.51941E-05,0.082457369,0.14,0.00,0.01,0.13,0.00,0.01,0.00,0.00,0.000479506
wood,Class IV (5-45y),Emeri natural forest 515 (kg/m3),6.67,3.51941E-05,0.082457369,6.75,0.00,0.01,6.34,0.40,3.46,0.00,0.00,0.000479506
wood,Class IV (5-46y),Hemlock FSC/PEFCt 490 (kg/m3),0.09,3.51941E-05,0.082457369,0.17,0.00,0.03,0.15,-0.01,-0.07,0.00,0.00,0.011178017
wood,Class IV (5-47y),Hickory FSC/PEFCt 800 (kg/m3),0.02,3.51941E-05,0.082457369,0.10,0.00,0.01,0.12,-0.02,-0.19,0.00,0.00,-0.003190751
wood,Class IV (5-48y),Limba FSC/PEFC 560 (kg/m3),0.05,3.51941E-05,0.082457369,0.14,0.00,0.01,0.12,0.00,0.00,0.00,0.00,-0.000590345
wood,Class IV (5-49y),Limba natural forest 560 (kg/m3),4.26,3.51941E-05,0.082457369,4.35,0.00,0.01,3.93,0.40,3.45,0.00,0.00,-0.000590345
wood,Class IV (5-50y),Menkulang FSC/PEFC 710 (kg/m3),0.08,3.51941E-05,0.082457369,0.16,0.00,0.02,0.14,0.01,0.05,0.00,0.00,0.005628165
wood,Class IV (5-51y),Menkulang natural forest 710 (kg/m3),4.23,3.51941E-05,0.082457369,4.31,0.00,0.02,3.89,0.41,3.50,0.00,0.00,0.005628165
wood,Class IV (5-52y),Mersawa FSC/PEFC 640 (kg/m3),0.09,3.51941E-05,0.082457369,0.17,0.00,0.03,0.14,0.01,0.06,0.00,0.00,0.007032344
wood,Class IV (5-53y),Mersawa natural forest 640 (kg/m3),4.65,3.51941E-05,0.082457369,4.73,0.00,0.03,4.30,0.41,3.51,0.00,0.00,0.007032344
wood,Class IV (5-54y),Okoume FSC/PEFC forest 440 (kg/m3),0.10,3.51941E-05,0.082457369,0.18,0.00,0.03,0.14,0.01,0.08,0.00,0.00,0.009497014
wood,Class IV (5-55y),Okoume natural forest 440 (kg/m3),10.19,3.51941E-05,0.082457369,10.27,0.00,0.02,9.85,0.40,3.48,0.00,0.00,0.002953537
wood,Class IV (5-56y),Parana Pine FSC/PEFC 540 (kg/m3),0.06,3.51941E-05,0.082457369,0.14,0.00,0.01,0.13,0.00,0.01,0.00,0.00,0.000345775
wood,Class IV (5-57y),Parana Pine natural forest 540 (kg/m3),6.40,3.51941E-05,0.082457369,6.48,0.00,0.01,6.07,0.40,3.46,0.00,0.00,0.000345775
wood,Class IV (5-58y),Radiata Pine FSC/PEFC 450 (kg/m3),0.12,3.51941E-05,0.082457369,0.20,0.00,0.04,0.16,0.00,-0.02,0.00,0.00,0.018265781
wood,Class IV (5-59y),Red oak FSC/PEFC 700 (kg/m3),0.03,3.51941E-05,0.082457369,0.12,0.00,0.00,0.13,-0.02,-0.14,0.00,0.00,0.004279466
wood,Class IV (5-60y),Silver fir FSC/PEFC 450 (kg/m3),0.02,3.51941E-05,0.082457369,0.10,0.00,0.00,0.12,-0.02,-0.18,0.00,0.00,-0.000702856
wood,Class IV (5-61y),"Spruce, European FSC/PEFC 460 (kg/m3)",0.00,3.51941E-05,0.082457369,0.08,0.00,0.00,0.11,-0.03,-0.25,0.00,0.00,-0.010282134
wood,Class IV (5-62y),Yellow pine FSC/PEFC 540 (kg/m3),0.01,3.51941E-05,0.082457369,0.10,0.00,0.00,0.12,-0.02,-0.21,0.00,0.00,-0.005070346
wood,Class V (<34y),Abura FSC/PEFC 560 (kg/m3),0.06,3.51941E-05,0.082457369,0.15,0.00,0.02,0.13,0.00,0.02,0.00,0.00,0.001749955
wood,Class V (<35y),Abura natural forest 560 (kg/m3),5.23,3.51941E-05,0.082457369,5.31,0.00,0.02,4.89,0.40,3.47,0.00,0.00,0.001749955
wood,Class V (<36y),Ahorn FSC/PEFC 640 (kg/m3),0.03,3.51941E-05,0.082457369,0.12,0.00,0.00,0.13,-0.02,-0.14,0.00,0.00,0.004279466
wood,Class V (<37y),Alder FSC/PEFC 530 (kg/m3),0.03,3.51941E-05,0.082457369,0.12,0.00,0.00,0.13,-0.02,-0.14,0.00,0.00,0.004279466
wood,Class V (<38y),Antiaris FSC/PEFC 445 (kg/m3),0.06,3.51941E-05,0.082457369,0.14,0.00,0.02,0.13,0.00,0.01,0.00,0.00,0.001215029
wood,Class V (<39y),Antiaris natural forest 445 (kg/m3),5.26,3.51941E-05,0.082457369,5.34,0.00,0.02,4.93,0.40,3.46,0.00,0.00,0.001215029
wood,Class V (<40y),Ash FSC/PEFC 700 (kg/m3),0.03,3.51941E-05,0.082457369,0.12,0.00,0.00,0.13,-0.02,-0.14,0.00,0.00,0.004279466
wood,Class V (<41y),Aspen FSC/PEFC 440 (kg/m3),0.05,3.51941E-05,0.082457369,0.13,0.00,0.00,0.14,-0.01,-0.11,0.00,0.00,0.009261789
wood,Class V (<42y),Baboen FSC/PEFC 410 (kg/m3),0.10,3.51941E-05,0.082457369,0.18,0.00,0.00,0.16,0.02,0.15,0.00,0.00,0.018592504
wood,Class V (<43y),Baboen natural forest 410 (kg/m3),8.33,3.51941E-05,0.082457369,8.41,0.00,0.00,7.99,0.42,3.60,0.00,0.00,0.018592504
wood,Class V (<44y),"Beech, European FSC/PEFC 710 (kg/m3)",0.00,3.51941E-05,0.082457369,0.08,0.00,0.00,0.11,-0.03,-0.24,0.00,0.00,-0.009372098
wood,Class V (<45y),Black poplar FSC/PEFC 440 (kg/m3),0.03,3.51941E-05,0.082457369,0.12,0.00,0.00,0.13,-0.02,-0.14,0.00,0.00,0.004279466
wood,Class V (<46y),Blue gum FSC/PEFC 900 (kg/m3),0.08,3.51941E-05,0.082457369,0.17,0.00,0.02,0.14,0.01,0.05,0.00,0.00,0.006029359
wood,Class V (<47y),Blue gum natural forest 900 (kg/m3),1.67,3.51941E-05,0.082457369,1.75,0.00,0.02,1.32,0.41,3.50,0.00,0.00,0.006029359
wood,Class V (<48y),Canaria FSC/PEFC 830 (kg/m3),0.05,3.51941E-05,0.082457369,0.13,0.00,0.01,0.12,0.00,-0.01,0.00,0.00,-0.00206139
wood,Class V (<49y),Canaria natural forest 830 (kg/m3),5.61,3.51941E-05,0.082457369,5.69,0.00,0.01,5.28,0.40,3.44,0.00,0.00,-0.00206139
wood,Class V (<50y),Cottonwood FSC/PEFC 440 (kg/m3),0.06,3.51941E-05,0.082457369,0.14,0.00,0.01,0.13,0.00,0.00,0.00,0.00,-5.54187E-05
wood,Class V (<51y),Cottonwood natural forest 440 (kg/m3),0.94,3.51941E-05,0.082457369,1.02,0.00,0.01,0.61,0.40,3.45,0.00,0.00,-5.54187E-05
wood,Class V (<52y),Hornbean FSC/PEFC 750 (kg/m3),0.01,3.51941E-05,0.082457369,0.09,0.00,0.00,0.11,-0.02,-0.22,0.00,0.00,-0.005685179
wood,Class V (<53y),Horse chestnut FSC/PEFC 450 (kg/m3),0.01,3.51941E-05,0.082457369,0.09,0.00,0.00,0.11,-0.02,-0.22,0.00,0.00,-0.005685179
wood,Class V (<54y),Ilomba FSC/PEFC 480 (kg/m3),0.07,3.51941E-05,0.082457369,0.15,0.00,0.02,0.13,0.00,0.02,0.00,0.00,0.002084283
wood,Class V (<55y),Ilomba natural forest 480 (kg/m3),6.05,3.51941E-05,0.082457369,6.14,0.00,0.02,5.72,0.40,3.47,0.00,0.00,0.002084283
wood,Class V (<56y),Koto FSC/PEFC 560 (kg/m3),0.05,3.51941E-05,0.082457369,0.14,0.00,0.01,0.12,0.00,0.00,0.00,0.00,-0.000590345
wood,Class V (<57y),Koto natural forest 560 (kg/m3),4.26,3.51941E-05,0.082457369,4.35,0.00,0.01,3.93,0.40,3.45,0.00,0.00,-0.000590345
wood,Class V (<58y),Linde FSC/PEFC 540 (kg/m3),0.01,3.51941E-05,0.082457369,0.09,0.00,0.00,0.11,-0.02,-0.22,0.00,0.00,-0.005685179
wood,Class V (<59y),Platan FSC/PEFC 620 (kg/m3),0.01,3.51941E-05,0.082457369,0.09,0.00,0.00,0.11,-0.02,-0.22,0.00,0.00,-0.005685179
wood,Class V (<60y),Poplar FSC/PEFC 440 (kg/m3),0.01,3.51941E-05,0.082457369,0.09,0.00,0.00,0.11,-0.02,-0.22,0.00,0.00,-0.005685179
wood,Class V (<61y),Sycamore FSC/PEFC 615 (kg/m3),0.07,3.51941E-05,0.082457369,0.15,0.00,0.03,0.14,-0.01,-0.11,0.00,0.00,0.007299808
wood,Class V (<62y),Wawa FSC/PEFC 390 (kg/m3),0.08,3.51941E-05,0.082457369,0.16,0.00,0.02,0.13,0.00,0.04,0.00,0.00,0.004855949
wood,Class V (<34y),Wawa natural forest 390 (kg/m3),7.34,3.51941E-05,0.082457369,7.42,0.00,0.02,7.00,0.41,3.49,0.00,0.00,0.004855949
wood,Class V (<35y),Willow FSC/PEFC 450 (kg/m3),-0.01,3.51941E-05,0.082457369,0.08,0.00,0.00,0.11,-0.03,-0.25,0.00,0.00,-0.010667502
wood,unknown durability,Anzala/Mukulungu FSC/PEFC 940 (kg/m3),0.04,3.51941E-05,0.082457369,0.13,0.00,0.01,0.12,0.00,-0.02,0.00,0.00,-0.002930644
wood,unknown durability,Anzala/Mukulungu natural forest 940 (kg/m3),2.72,3.51941E-05,0.082457369,2.81,0.00,0.01,2.40,0.40,3.43,0.00,0.00,-0.002930644
wood,unknown durability,CoromandelEbony FSC/PEFC 1100 (kg/m3),0.07,3.51941E-05,0.082457369,0.15,0.00,0.02,0.13,0.00,0.03,0.00,0.00,0.003488463
wood,unknown durability,CoromandelEbony natural forest 1100 (kg/m3),5.35,3.51941E-05,0.082457369,5.43,0.00,0.02,5.01,0.40,3.48,0.00,0.00,0.003488463
wood,unknown durability,Dabema FSC/PEFC 690 (kg/m3),0.05,3.51941E-05,0.082457369,0.13,0.00,0.01,0.12,0.00,0.00,0.00,0.00,-0.000857808
wood,unknown durability,Dabema natural forest 690 (kg/m3),6.63,3.51941E-05,0.082457369,6.72,0.00,0.01,6.30,0.40,3.45,0.00,0.00,-0.000857808
wood,unknown durability,Emien FSC/PEFC 360 (kg/m3),0.07,3.51941E-05,0.082457369,0.16,0.00,0.02,0.13,0.00,0.04,0.00,0.00,0.004550489
wood,unknown durability,Emien natural forest 360 (kg/m3),6.41,3.51941E-05,0.082457369,6.50,0.00,0.02,6.07,0.40,3.49,0.00,0.00,0.004550489
wood,unknown durability,Incense cedar FSC/PEFC 385 (kg/m3),0.10,3.51941E-05,0.082457369,0.18,0.00,0.04,0.15,-0.01,-0.05,0.00,0.00,0.014717987
wood,unknown durability,Missanda/Tali FSC/PEFC 900 (kg/m3),0.04,3.51941E-05,0.082457369,0.12,0.00,0.01,0.12,-0.01,-0.06,0.00,0.00,-0.004695976
wood,unknown durability,Missanda/Tali natural forest 900 (kg/m3),2.81,3.51941E-05,0.082457369,2.89,0.00,0.01,2.49,0.39,3.39,0.00,0.00,-0.004695976
wood,unknown durability,"Mountain ash, European FEC/PEFC 700 (kg/m3)",0.01,3.51941E-05,0.082457369,0.09,0.00,0.00,0.11,-0.02,-0.22,0.00,0.00,-0.005685179
wood,unknown durability,Mubura FSC/PEFC 830 (kg/m3),0.04,3.51941E-05,0.082457369,0.12,0.00,0.01,0.12,0.00,-0.03,0.00,0.00,-0.004468554
wood,unknown durability,Mubura natural forest 830 (kg/m3),3.02,3.51941E-05,0.082457369,3.10,0.00,0.01,2.70,0.40,3.42,0.00,0.00,-0.004468554
wood,unknown durability,Niove FSC/PEFC 850 (kg/m3),0.05,3.51941E-05,0.082457369,0.13,0.00,0.01,0.12,0.00,-0.01,0.00,0.00,-0.002128255
wood,unknown durability,Niove natural forest 850 (kg/m3),5.49,3.51941E-05,0.082457369,5.57,0.00,0.01,5.16,0.40,3.44,0.00,0.00,-0.002128255
wood,unknown durability,Onzabili FSC/PEFCt 550 (kg/m3),0.06,3.51941E-05,0.082457369,0.14,0.00,0.01,0.13,0.00,0.01,0.00,0.00,0.000880701
wood,unknown durability,Onzabili natural forest 550 (kg/m3),8.26,3.51941E-05,0.082457369,8.34,0.00,0.01,7.93,0.40,3.46,0.00,0.00,0.000880701
wood,unknown durability,Ozigo/Igaganga FSC/PEFC 650 (kg/m3),0.05,3.51941E-05,0.082457369,0.13,0.00,0.01,0.12,0.00,-0.01,0.00,0.00,-0.00159333
wood,unknown durability,Ozigo/Igaganga natural forest 650 (kg/m3),2.92,3.51941E-05,0.082457369,3.01,0.00,0.01,2.60,0.40,3.44,0.00,0.00,-0.00159333
wood,unknown durability,Parasolier FSC/PEFC 190 (kg/m3),0.14,3.51941E-05,0.082457369,0.22,0.00,0.04,0.16,0.02,0.18,0.00,0.00,0.022650401
wood,unknown durability,Parasolier natural forest 190 (kg/m3),11.79,3.51941E-05,0.082457369,11.87,0.00,0.04,11.41,0.42,3.63,0.00,0.00,0.022650401
wood,unknown durability,Pear FSC/PEFC 680 (kg/m3),0.01,3.51941E-05,0.082457369,0.09,0.00,0.00,0.12,-0.02,-0.20,0.00,0.00,-0.004024404
wood,unknown durability,Pockwood FSC/PEFC1250 (kg/m3),0.04,3.51941E-05,0.082457369,0.13,0.00,0.01,0.12,0.00,-0.02,0.00,0.00,-0.00252945
wood,unknown durability,Pockwood natural forest 1250 (kg/m3),3.01,3.51941E-05,0.082457369,3.09,0.00,0.01,2.69,0.40,3.43,0.00,0.00,-0.00252945
wood,unknown durability,Simmon/Persimmon FSC/PEFC 835 (kg/m3),0.02,3.51941E-05,0.082457369,0.10,0.00,0.01,0.12,-0.02,-0.19,0.00,0.00,-0.003398704
wood,unknown durability,Sterculia/Niangon FSC/PEFC 700 (kg/m3),0.05,3.51941E-05,0.082457369,0.13,0.00,0.01,0.12,0.00,-0.01,0.00,0.00,-0.001994524
wood,unknown durability,Sterculia/Niangon natural forest 700 (kg/m3),3.51,3.51941E-05,0.082457369,3.59,0.00,0.01,3.18,0.40,3.44,0.00,0.00,-0.001994524
wood,unknown durability,Zebrano/Goncalo-alvez FSC/PEFC 900 (kg/m3),0.04,3.51941E-05,0.082457369,0.13,0.00,0.01,0.12,0.00,-0.02,0.00,0.00,-0.002930644
wood,unknown durability,Zebrano/Goncalo-alvez natural forest 900 (kg/m3),2.81,3.51941E-05,0.082457369,2.90,0.00,0.01,2.49,0.40,3.43,0.00,0.00,-0.002930644
wood,fot wet civil engineering,Angelim Vermelho FSC/PEFC 1430 (kg/m3) wet,0.04,3.51941E-05,0.082457369,0.13,0.00,0.01,0.12,0.00,-0.02,0.00,0.00,-0.00252945
wood,fot wet civil engineering,Angelim Vermelho natural forest 1430 (kg/m3) wet,2.57,3.51941E-05,0.082457369,2.66,0.00,0.01,2.37,0.28,2.40,0.00,0.00,-0.00252945
wood,fot wet civil engineering,Cumaru FSC/PEFC 1200 (kg/m3) wet,0.04,3.51941E-05,0.082457369,0.13,0.00,0.01,0.12,0.00,-0.02,0.00,0.00,-0.00252945
wood,fot wet civil engineering,Cumaru natural forest 1200 (kg/m3) wet,3.05,3.51941E-05,0.082457369,3.13,0.00,0.01,2.78,0.35,3.00,0.00,0.00,-0.00252945
wood,fot wet civil engineering,Masaranduba FCS/PEFC 1200 (kg/m3) wet,0.04,3.51941E-05,0.082457369,0.13,0.00,0.01,0.12,0.00,-0.02,0.00,0.00,-0.00252945
wood,fot wet civil engineering,Masaranduba natural forest 1200 (kg/m3) wet,3.05,3.51941E-05,0.082457369,3.13,0.00,0.01,2.78,0.35,3.00,0.00,0.00,-0.00252945
wood,fot wet civil engineering,Okan FSC/PEFC 1075 (kg/m3) wet,0.04,3.51941E-05,0.082457369,0.13,0.00,0.01,0.12,0.00,-0.02,0.00,0.00,-0.002930644
wood,fot wet civil engineering,Okan natural forest 1075 (kg/m3) wet,2.37,3.51941E-05,0.082457369,2.45,0.00,0.01,2.10,0.34,2.93,0.00,0.00,-0.002930644
wood,fot wet civil engineering,Sapupira FSC/PEFC 1075 (kg/m3) wet,0.04,3.51941E-05,0.082457369,0.13,0.00,0.01,0.12,0.00,-0.02,0.00,0.00,-0.00252945
wood,fot wet civil engineering,Sapupira natural forest 1075 (kg/m3) wet,3.30,3.51941E-05,0.082457369,3.38,0.00,0.01,3.09,0.28,2.42,0.00,0.00,-0.00252945
wood,products,"Acetylated Radiata pine = durable wood, s.g. 510 kg/m3 (Netherlands)",0.22,3.51941E-05,0.082457369,0.30,0.00,0.07,0.19,0.04,0.34,0.00,0.00,0.268686663
wood,products,"Acetylated Scots pine = durable wood, s.g. 540 kg/m3 (Netherlands)",0.09,3.51941E-05,0.082457369,0.17,0.00,0.02,0.20,-0.04,-0.37,0.00,0.00,0.226620423
wood,products,Bamboo (local China),0.03,3.51941E-05,0.082457369,0.11,0.00,0.00,0.11,0.00,-0.02,0.00,0.00,-0.008325746
wood,products,"CCA wood (Scots pine with Cromium, Copper and Asenic) incl EoL",1.00,3.51941E-05,0.082457369,1.08,0.82,0.15,0.12,-0.01,-0.09,0.00,0.00,0.008418605
wood,products,Cork at factory gate in Portugal 150 kg/m3,0.11,3.51941E-05,0.082457369,0.19,0.00,0.01,0.16,0.02,0.15,0.00,0.00,0.023109885
wood,products,Cork at forest road 150 kg/m3,0.08,3.51941E-05,0.082457369,0.17,0.00,0.01,0.15,0.01,0.07,0.00,0.00,0.011949483
wood,products,Cork granulate 150 kg/m3,0.04,3.51941E-05,0.082457369,0.12,0.00,0.01,0.10,0.01,0.10,0.00,0.00,-0.003281174
wood,products,Cork granulate glued = aggregate (e.g. slab for insulation) 150 kg/m3,0.22,3.51941E-05,0.082457369,0.30,0.00,0.03,0.17,0.09,0.81,0.01,0.00,0.087752531
wood,products,Fibreboard hard (740 kg/m3),0.26,3.51941E-05,0.082457369,0.35,0.01,0.06,0.10,0.17,1.49,0.01,0.00,0.057844056
wood,products,MDF (740 kg/m3),0.44,3.51941E-05,0.082457369,0.52,0.01,0.08,0.19,0.25,2.13,0.02,0.00,0.157572156
wood,products,Particle board indoor use 600kg/m3,0.32,3.51941E-05,0.082457369,0.40,0.01,0.06,0.11,0.21,1.78,0.01,0.00,0.090174709
wood,products,Particle board outdoor use 600kg/m3*,0.33,3.51941E-05,0.082457369,0.41,0.01,0.06,0.11,0.23,1.99,0.01,0.00,0.10716211
wood,products,"Plato wood = thermal treated European Spruce, s.g. 420 kg/m3",0.04,3.51941E-05,0.082457369,0.13,0.00,0.01,0.12,0.00,-0.02,0.00,0.00,0.011751463
wood,products,Plywood Bamboo (density approx 700 kg/m3),0.17,3.51941E-05,0.082457369,0.25,0.00,0.05,0.18,0.02,0.15,0.00,0.00,0.077310282
wood,products,"Plywood, indoor use (softwood 600 kg/m3)",0.14,3.51941E-05,0.082457369,0.22,0.00,0.02,0.17,0.03,0.29,0.00,0.00,0.078474611
wood,products,"Plywood, outdoor use, Okoumei plantation (500 kg/m3)",0.24,3.51941E-05,0.082457369,0.32,0.00,0.04,0.21,0.07,0.63,0.00,0.00,0.067891106
,,,,,,,,,,,,,,
,,,,,,,,,,,,,,
